0.48417026,0.35740435,0.29780826,0.5041301,0.21378832,0.49623773
0.5770273,0.3919912,0.431998,0.23860833,0.6091356,0.42988652
-0.40843642,0.28336227,0.13973936,0.12375351,0.19719163,0.43741968
0.19161266,0.28647482,0.5581117,0.31143492,0.19358937,0.4205479
-0.14145403,0.32335472,0.30026677,0.20761141,0.26980108,0.44900063
0.05496922,0.29853153,0.13499638,0.20387992,0.08940027,0.4973415
0.36302298,0.27858084,0.5347831,0.1602729,0.10152298,0.47572967
0.072708055,0.5627764,0.16324449,0.24925193,0.24266078,0.56205153
0.0859886,0.45698357,0.504049,0.06633848,0.20556098,0.46493757
0.047736965,0.34602955,0.3050823,0.20202196,0.5033206,0.47884205
0.26791626,0.38537496,0.22772717,0.13240263,0.6261227,0.5370696
-0.01656645,0.30657047,0.6365674,0.09570963,0.2293272,0.58986384
0.22375515,0.5731089,0.20337838,0.095986985,0.2159552,0.41534618
0.30824405,0.23446065,0.30357957,0.18159977,0.16853197,0.52522165
0.9245181,0.21636158,0.22862986,0.111815386,0.22503263,0.44998583
0.8786058,0.35753405,0.20402896,0.11141374,0.14281926,0.4252394
0.3611691,0.39506957,0.18827474,0.25043,0.35888943,0.48997572
0.4287654,0.40985414,0.22455856,0.1907874,0.25929248,0.4419465
0.5478399,0.46851385,0.109532036,0.12561291,0.16901794,0.5634273
0.22955641,0.32897645,0.11731204,0.3500037,0.33744717,0.7283234
-0.07294011,0.39638713,0.031231523,0.12632069,0.2846915,0.43922636
-0.040101193,0.364831,0.19347188,0.23072049,0.06802642,0.48377398
0.98655176,0.37983686,0.24975455,0.19437146,0.30598822,0.40831655
0.092944466,0.35976934,0.2593279,0.14078948,0.20973602,0.43386513
0.055527918,0.3624524,0.2633256,0.16306826,0.107711285,0.47438142
0.5138414,0.33315882,0.38010383,0.15073344,0.32603464,0.45293236
0.01881425,0.28810698,0.091686286,0.33474216,0.1443913,0.43425715
-0.06912641,0.2702961,0.20237407,0.17904681,0.43808228,0.41360655
0.0076736696,0.52373683,0.53207684,0.507527,0.56377804,0.44593775
-0.23143643,0.4269613,0.14952105,0.60792786,0.26103297,0.4796175
0.57188535,0.5819614,0.27608922,0.04810696,0.17733537,0.4506775
0.12589052,0.29266572,0.25602525,0.30083287,0.32769808,0.9193825
0.79984295,0.51009184,0.47297,0.09684195,0.6023233,0.4283381
1.4872143,0.39870685,0.10980678,0.15652028,0.4487398,0.45785427
0.35124063,0.31186637,0.14440194,0.10306806,0.64448845,0.48708582
-0.00076717325,0.42348486,0.20499468,0.14264959,0.33086804,0.55732137
0.5671519,0.27327868,0.25615078,0.27746803,0.20663865,0.48545665
0.2785849,0.49084282,0.43021134,0.21759611,0.12890738,0.4393715
0.5398469,0.37885395,0.21781221,0.09901639,0.48426777,0.6478685
0.23207635,0.51852363,0.42580897,0.086392306,0.19636992,0.674703
-0.13096404,0.42226732,0.12010773,0.18463,0.16950828,0.522375
0.06853571,0.31451562,0.12912902,0.06380988,0.31640384,0.43049976
1.1892972,0.33629632,0.63073915,0.5424908,0.3138358,0.6614012
0.4519608,0.46101844,0.36611018,0.12551945,0.38416207,0.4344105
1.1526728,0.41142955,0.3377522,0.113325484,0.19745983,0.4645552
0.3036849,0.510589,0.13087595,0.18269685,0.41436887,0.5653422
0.937663,0.6016145,0.2792279,0.1223569,0.1150139,0.42695406
0.19643024,0.33252233,0.17374218,0.14751312,0.21030731,0.41145068
0.17140353,0.3389359,0.4160473,1.6346444,0.13274911,0.56808215
0.0695426,0.62035334,0.061771765,0.21027187,0.5902685,0.44048664
0.1974996,0.2651621,0.2660471,0.0932182,0.44587085,0.6574227
0.16603622,0.2588662,0.07298331,0.090726174,0.41854048,0.5178344
0.44237286,0.3034392,0.42783135,0.30136523,0.5990541,0.49562386
-0.13550761,0.28309563,0.5726703,0.37535554,0.4775717,0.5520902
0.3388894,0.3113073,0.2589855,0.33014938,0.62738407,0.44270623
-0.028449535,0.40524215,0.45401946,0.33144414,1.2003512,0.42069456
0.1345014,0.45004094,0.35922706,0.15876934,0.07858188,0.42795703
0.2764553,0.39581937,0.439961,0.16005868,0.39560357,0.5090368
0.21121103,0.5281815,0.07791003,0.1401625,0.2628685,0.41292346
-0.30196002,0.4405949,0.035173327,0.3278805,0.27898908,0.4399594
-0.041288313,0.2705638,0.5075451,0.3017784,0.0918444,0.4334465
0.27518597,0.3366609,0.541035,0.34276327,0.12724262,0.40790588
0.21389678,0.2428196,0.3411339,0.23632902,0.3865318,0.48323014
0.3648336,0.3698364,0.54471314,0.3244747,0.2776395,0.46373418
0.39519572,0.53224194,0.9380659,0.45639324,0.29147655,0.5675778
0.58557224,0.33602452,0.16737598,0.1249383,0.60324645,0.43893567
0.30275387,0.3913044,0.14519265,0.26652324,0.29617167,0.44522282
2.065929,0.40208787,0.37975943,0.41387618,0.2851607,0.48003006
-0.15285453,0.351426,0.3596053,0.09196109,0.3165181,0.43371773
0.18666351,0.5081865,0.4643814,0.18745714,0.10305802,0.43899566
2.1966567,0.48345828,0.52195644,0.088035785,0.21087833,0.42435682
2.359882,0.3863382,0.3647514,0.07949161,0.46868384,0.43002278
0.4514603,0.26321423,0.47255808,0.120816864,0.26215386,0.4627217
0.07986563,0.34509808,0.15373644,0.12462231,0.43210614,0.49162176
0.31451136,0.61208534,0.17872852,0.25408012,0.18253201,0.4855898
0.11643081,0.5527476,0.23040801,0.17944363,0.37918767,0.49340612
0.16020364,0.34867597,0.13935354,0.1422965,0.26984656,1.4817388
-0.15328094,0.6504749,0.44293302,0.25319356,0.89653754,0.45496494
2.4836864,1.268053,0.31242204,0.18913126,1.6637704,0.4367488
0.23471135,0.23857969,0.1772381,0.20273435,0.34966454,0.45236284
-0.23010102,0.35842565,0.11178333,0.17104498,2.9460132,0.44700402
-0.07500516,0.32209364,0.078610785,0.28116104,0.19245183,1.517212
-0.19591159,1.2246927,-0.021158945,0.20469353,0.096754245,1.6269375
-0.16288218,0.37433827,0.094980665,0.18164971,0.06610408,1.6653327
0.06336238,1.2249238,0.4396534,0.22828904,0.23784913,0.44368505
-0.3234612,0.41066128,0.18106958,0.24893853,1.3999885,1.5137174
-0.802504,0.6340625,0.14239976,0.25640598,0.25686663,1.4605645
0.35154992,0.40561783,0.15157726,0.41272563,1.3543494,0.42230844
-0.010859944,0.4133404,0.19858527,0.2216874,1.5046799,0.46600813
0.21945772,0.42771298,0.05698684,1.4978181,0.35631588,0.5861668
0.17461616,1.2615625,0.45031238,0.16971624,1.6637704,0.68235874
-0.20142102,0.41337657,0.379091,0.21616957,0.44940075,0.48871827
0.2390269,0.66899264,0.27911013,0.27134144,0.041785493,0.48464793
-0.07247535,0.36492392,0.14556134,1.1923182,0.4850461,0.5379354
-0.22103,0.4056456,0.47017276,1.3504931,0.026212456,0.46286026
-0.26361042,0.4457265,0.12020209,1.3929219,0.5479375,0.52236855
-0.9065961,0.4515617,2.6064954,1.1515346,0.1548167,0.49775043
-0.06612169,0.49234343,1.8180617,0.14240867,-0.03778167,0.6112298
-0.32323962,0.26973182,1.8747911,0.333916,0.2069751,0.49866104
-0.23453036,0.2139374,0.119040616,0.19456485,0.07281748,0.45833638
0.19276595,0.4237914,3.078668,0.16078258,0.09881657,0.65840244
-0.03937887,0.21653008,0.16903925,0.19150093,0.2155003,0.49616882
0.12245209,0.2909616,0.4301346,1.4078766,0.23882556,0.5863725
0.31155148,0.3210448,0.4276604,0.055974506,0.06023798,0.56911457
-0.19170266,0.26183832,0.45554346,1.1114062,0.39215508,0.52734286
-0.3002779,0.30988863,3.467268,0.8557121,0.34085563,0.5057609
-0.42691293,0.2798924,1.711447,0.060296528,0.07264909,0.5162147
0.12019352,0.17047668,0.27472445,0.05886171,0.37730289,0.4704839
0.43238902,0.2367926,0.10872186,0.42778176,0.35038763,0.51003
-0.29260635,0.375118,0.10655219,0.0736554,0.11896027,0.5769298
-0.6637845,0.32931834,0.44775602,0.09032563,-0.062222347,0.47995043
-0.26990855,0.28259456,0.1867559,0.15456331,0.45080268,0.49938166
-0.2636991,0.39025664,0.058594972,0.042294003,0.100524865,0.5174986
-0.3729142,0.42043918,0.25680423,0.15536448,-0.052393794,0.53700763
-0.03804345,0.33206108,0.0046464875,0.09561502,0.07419384,0.60555255
0.0026703048,0.5033994,0.19722095,0.112074964,0.016504183,0.48387218
0.1931932,0.41357246,-0.023944665,0.07346608,0.35511988,0.5028955
-0.3275676,0.36320466,0.36634663,0.052747265,0.097071484,0.48145437
-0.36688262,0.058507644,0.110781245,0.1524294,0.29562667,0.47186446
-0.14936066,0.40586448,0.013567213,0.057875514,0.10923224,0.49692625
-0.024930239,0.31058955,0.17250696,0.1038652,-0.007826269,0.4977635
0.42770147,0.3166653,0.004886605,0.11689619,0.88851106,0.5081527
-0.38505018,0.3637181,0.36403152,0.08777753,0.23304555,0.5250609
0.22179973,0.3461728,0.1152545,0.10220476,0.041501112,0.49760187
0.044057414,0.24994272,0.085585274,0.78678256,0.0524598,0.5811877
0.48392844,0.25175887,0.74475825,0.0776582,0.20321627,0.52309483
1.2410064,0.4078477,0.4214121,0.14359558,0.22433902,0.59982795
0.26698592,0.22277123,0.055496402,0.13688648,1.2995834,0.5237691
-0.06762622,0.27223182,0.13779673,0.06893637,0.07949462,0.6003035
0.3502234,0.41825134,0.06908538,0.39667806,-0.0002462007,0.48257422
0.09026489,0.21629202,0.2055102,0.049036868,1.0630484,0.46566638
-0.0020484421,0.5201578,0.20081466,0.121856906,0.90164685,0.65631604
0.42586142,0.36954665,0.040392242,0.46841776,0.55934346,1.1245713
0.35299364,0.29889762,0.6630751,0.12302031,0.4540897,0.508451
0.80938166,0.22103378,0.3083932,0.109877236,0.025418958,1.288006
0.24183959,0.28968042,0.25397497,0.047945023,0.09414641,0.63841903
0.6331543,0.2823714,-0.0018791035,0.09345379,1.0270902,0.539491
0.3727711,0.35784942,0.07680835,0.09236596,0.44106773,0.8988166
0.42143703,0.2115438,-0.011650223,0.12042218,0.49187818,1.3092971
0.10314145,0.46027344,0.4948179,0.4380423,0.4216291,0.4782317
0.34428543,0.37016332,-0.12520006,0.052798323,0.7328198,0.4979977
0.014005836,0.4599434,0.2351084,0.23930573,0.79444146,0.6091181
-0.5595766,0.26324463,0.150615,0.100797616,1.0958868,0.63545597
0.21548864,0.44793248,0.25721508,0.21669108,0.23892722,0.9199393
0.27466103,0.41487816,0.35301077,0.08884091,0.30617845,0.62002146
0.3256661,0.3431828,0.1643551,0.04892026,-0.07034659,0.6273369
0.6576969,0.23827869,0.10342755,0.22767356,-0.037849277,1.2649415
0.43713444,0.29228565,0.03704337,0.16120589,0.05437267,0.8489923
0.4843191,0.42716235,0.31350678,0.11650025,0.3438779,0.67382354
0.07011068,0.47708285,2.0869195,0.20554018,0.17208818,0.4952296
-0.014742582,0.58431876,0.027351812,0.256936,0.32112372,0.5274058
0.09452864,0.18916947,0.854819,0.0798152,0.06682727,0.6489577
-0.7442958,0.31141567,0.32304013,0.22066408,0.019601926,0.47790182
0.33065742,0.31337875,0.11230443,0.10413443,0.22735931,0.5636213
0.32474414,0.11151598,0.00025448203,0.28911635,0.050386835,0.48957944
-0.21430796,0.44738436,0.09965553,0.060136743,0.1529277,0.483397
-0.17129391,0.25202143,0.24541539,0.04388477,0.41500983,0.4932767
0.09393239,0.3947857,0.26336768,0.08684603,0.3550939,0.4939484
0.0047704503,0.2094742,0.89582753,0.07560422,0.21085455,0.4683832
-0.18811929,0.33029878,-0.008439172,0.08537499,0.7542335,0.5034749
-0.5541187,0.23322174,0.42673156,0.07693968,1.552785,0.47931805
-0.3260829,0.28729707,0.23588446,0.18822947,2.9483914,0.4656793
0.31449062,0.24528596,0.74932873,0.10673305,0.137528,0.4770537
0.09270014,0.30349976,0.11741396,0.08528655,1.7289039,0.48575354
3.141156,0.13478225,1.1102827,0.09830699,0.18034694,0.46937513
-0.12501341,0.30682835,0.2875227,0.13717017,-0.020070665,0.47616878
0.039939843,0.24337566,0.26200575,0.101590626,0.18408923,0.47685862
2.1169596,0.31736857,0.3176095,0.09533659,1.5850215,0.48583606
2.4440289,0.3881764,0.054971047,0.1654917,0.114735335,0.4827523
2.4206154,0.24104917,0.2679415,0.07779562,0.0921008,0.66257054
2.2036676,0.2417318,0.09309582,0.1329458,1.5581355,0.50952756
-0.7154947,0.35084915,0.20759964,0.082643636,0.086327806,0.5449252
0.17049855,0.38957858,-0.056117967,0.050857075,0.7561207,0.50128585
0.017458804,0.4243881,0.032728523,0.047501385,0.037389144,0.49562517
-0.25073892,0.3183987,-0.113191344,0.066424064,-0.06295191,0.48571792
0.038292266,1.2158982,0.36800095,0.09613184,2.2863164,0.45739058
-0.16613036,0.21799916,0.32814416,0.08193203,0.016724985,0.49638057
0.42704514,0.23578408,0.6985899,0.12373326,0.47025332,1.7925607
0.08065396,1.1814514,0.048386596,0.09139041,0.09210793,1.8973475
-0.015456003,0.16590112,0.01572495,0.06309926,0.48586813,1.7743961
0.3436039,0.20259169,0.36918747,0.11440257,0.11950874,0.4657658
0.6743614,0.23310113,0.12233759,0.09456136,0.044118457,0.4761829
-0.28749382,0.24848366,0.117859624,0.13141134,-0.16001788,0.48940572
-0.15622285,0.34235597,0.21648285,0.048791915,0.2890616,1.8900199
0.067346506,0.32542193,0.15929738,0.056586698,0.21673992,2.8197012
-0.20886046,0.24080783,0.23788813,1.5304548,0.50738025,0.60807425
0.12173373,1.2277265,0.20849347,0.04716435,-0.054103114,0.46461177
-0.080759615,1.0811062,0.061781727,0.07192646,0.14682308,0.42774856
-0.42847687,1.2571925,-0.013313029,0.046756998,0.21014208,0.44410837
0.25598577,0.35895145,0.21519223,0.13614097,0.010505592,0.48260283
-0.008385707,0.3503211,-0.022090938,0.20897564,-0.0359158,0.47199965
0.10280212,0.53329843,0.48887438,1.4544108,-0.051569514,0.52970815
-0.24351475,0.30843237,-0.02301226,1.7977071,0.16318195,0.3754072
0.15929079,0.39832464,0.70053697,0.07222342,0.00044655055,0.42564747
0.12349186,0.47120613,-0.009216104,1.3551561,0.0065920167,0.36856622
0.22894341,-0.0018149093,1.748996,1.3752549,0.03849744,0.4477915
0.27285317,0.30529135,0.03465219,1.1588268,0.23880568,0.4762563
-0.14503719,0.19098514,-0.049865462,0.05796589,-0.062357366,0.54100126
0.43599448,0.17024136,0.16085967,0.062095962,0.8040638,0.44018275
-0.5472033,0.23584828,-0.16709837,0.107799016,0.43628433,0.37432706
0.29063517,0.15172857,1.8041879,1.2962233,-0.004987873,0.49282292
0.19498765,-0.029085606,-0.08370519,1.4544108,-0.02960468,0.5078201
-0.0081963055,0.28664926,1.755967,0.14309502,-0.0135848075,0.81150407
-0.54948103,0.41647232,0.22841576,3.3474786,0.23734944,0.40278825
-0.22850549,0.40056205,0.21908227,0.14179003,-0.11016083,0.3665752
0.07242286,0.42411327,-0.04499647,0.07286294,-0.064597346,0.37960142
-0.1173723,0.07321241,0.100600265,0.1754204,-0.12201896,0.46398276
0.118981235,0.59083635,0.0727608,0.16156599,0.14529818,0.46561742
0.100715674,0.44325495,-0.031570792,0.09437164,0.22690788,0.48106366
-0.23882267,0.17453775,-0.2759145,0.09739933,0.20327862,0.4341598
0.07180224,0.26267546,-0.1687147,0.18254745,0.14029442,0.37554502
0.28247187,0.28217664,0.059370674,0.1371201,0.022219392,0.4340527
0.36850905,0.19236404,-0.008310553,0.19456339,0.16852848,0.4738897
0.22269118,0.38130543,0.26148808,0.1542097,-0.082232274,0.42007798
-0.017554183,0.26747584,-0.20559877,0.10174615,0.004208632,0.5220411
-0.08437513,0.38743028,-0.019802678,0.103642486,0.15437086,0.42937326
-0.35868394,0.42010796,-0.1725623,0.2924808,-0.058475606,0.45264727
-0.011705112,-0.06852065,-0.028790142,0.26135597,-0.015348826,0.46640044
-0.2726736,0.27619696,-0.12796576,0.09607806,-0.035939023,0.5330586
-0.07155496,0.18889016,-0.101326406,0.176619,0.14108276,0.4085909
0.43214557,0.3880179,-0.19602838,0.1478278,0.48870724,0.4156842
0.023667492,0.54331625,0.33416352,0.08123083,0.12339953,0.44143626
0.30498698,0.43769562,-0.18985012,0.13432816,-0.14563546,0.581134
0.058947794,0.18550855,-0.1243796,0.39662808,0.45658854,0.59113044
0.6119099,0.32950848,-0.037644356,0.31301785,0.25648773,0.5611499
0.7246518,0.35443902,-0.16001832,0.21847981,-0.009700123,0.38714558
0.45845288,0.3546683,0.028180182,0.40145278,0.022165667,0.5205653
0.26804048,0.1037798,-0.25948805,0.09856532,0.13227308,0.5988541
-0.54387546,0.8120816,0.22469684,0.18751794,-0.19003917,0.42799208
0.1673196,0.33724064,0.12484964,0.15679765,0.34029457,0.47447214
-0.43156484,0.267612,-0.046413206,0.17642835,0.23037565,0.4076625
0.07958126,0.23258764,0.13320321,0.19048586,0.360966,0.47627565
0.40371913,0.074612655,0.087486334,0.30680472,0.62916327,0.54123026
-0.3426675,0.39506322,-0.100263186,0.31048506,-0.007680297,0.48436555
0.476278,0.4466657,-0.06403789,0.23360798,-0.25230905,0.79717445
0.9119606,0.48034048,0.038410917,0.15204737,0.19334167,0.51983804
0.44013727,0.6125199,0.052898496,0.17538574,0.16107234,0.6320535
0.18357518,0.08122779,-0.2402136,1.5207143,0.10026957,0.645112
0.7068216,0.09357137,0.17980325,0.16190526,-0.16464086,0.40799105
-0.28153467,0.13946366,-0.09944764,0.25484183,0.082056314,0.6401412
0.416594,0.38866168,0.09311826,0.2218073,0.0024743676,0.4350922
0.53041315,0.55874074,0.332777,0.12957886,0.052608445,0.47857744
-0.56110585,0.42207125,0.2616987,0.25186417,-0.079833575,0.4420424
0.04999339,0.32906276,0.7456547,0.24427852,0.018805332,0.48478395
0.042988308,0.009849936,-0.013189506,0.32005066,0.26694006,0.40758783
0.12546638,0.3546875,0.14301789,0.16841626,0.23348252,0.47221324
0.2780906,0.27767068,-0.09106201,0.3113437,0.15626287,0.41271907
0.16453424,0.36396164,-0.0391295,0.3318963,0.2786188,0.36377773
-0.4160271,0.20795113,-0.0016981624,0.17935598,-0.007896457,0.37261432
-0.52863914,0.11028469,0.027158,0.13475302,0.16053197,0.37796572
0.16888696,0.51866895,0.3455626,0.20518893,-0.06382471,0.39116684
-0.10345763,0.4922964,-0.08078393,0.18975833,0.5884602,0.37749487
0.102739386,0.53957015,-0.063440934,0.22225621,-0.013750847,0.35871062
-0.4223076,0.46881032,0.03721036,0.14418364,0.5383975,0.36562425
-0.33664498,0.3378187,-0.10806977,0.23597133,0.07178545,0.3994239
-0.29434457,0.10452432,0.04508929,0.54715914,-0.026144758,0.36308014
0.12156301,0.14031404,0.03160364,0.6512161,0.15641634,0.4632365
0.09825396,0.18395185,-0.09215072,0.24516225,0.28841376,0.3797847
0.29212022,0.23403385,0.15891516,0.199456,0.23068845,0.36185884
0.096894994,0.26552147,0.30337927,0.17538825,0.08354418,0.37533087
-0.094153166,0.35951623,0.30868948,0.24026808,0.10423775,0.4049915
0.22252941,0.42737043,0.06117352,0.17728478,1.6134871,0.37660158
0.040742323,0.5358982,0.21649984,0.1407165,1.4433587,1.7073547
-0.050376944,0.44407213,-0.03684782,0.15425038,1.4008168,1.7484689
-0.25910598,0.47544885,-0.15509236,0.07982863,-0.05559563,1.7648637
0.04838422,0.24080512,0.1791659,0.19208077,-0.08150549,0.39335155
-0.20240468,0.19283614,0.20273992,0.16856334,2.3346107,1.7732273
-0.009613693,0.20870131,0.23366752,0.18437132,1.3625996,0.38425523
3.1092107,0.17347011,0.61501426,0.22924581,0.17825684,0.3896715
-0.78796047,0.20423526,0.082719184,0.1455226,1.6562296,0.39466992
-0.43433025,0.26468158,0.684933,0.12115254,-0.11476807,2.6699731
2.3450854,0.21325946,-0.11297353,0.11789913,-0.1799443,0.3819992
-0.12877974,0.11526542,-0.015463542,0.15201414,-0.1639045,1.8024316
2.2001364,0.24163693,-0.115902044,0.20993409,-0.07907719,2.6075609
2.2238498,0.32918477,-0.095329076,0.08151408,-0.16464457,0.36570984
-0.21912631,0.35522583,-0.04284455,0.09843693,0.041819733,0.29881364
-0.5454723,0.36218452,-0.18055671,0.19530183,-0.048431233,0.28912142
-0.2479223,0.17950061,-0.1653133,1.3348025,-0.23053092,0.29139724
0.7959794,0.24878392,-0.16881892,1.4714878,0.22254488,0.37777308
-0.3363509,0.39136618,-0.044127677,0.16082785,0.14942244,0.2720626
-0.00024231337,0.3243943,-0.0643918,1.4751533,-0.12011248,0.42525265
-0.33623838,0.18971944,0.16301367,0.097478755,-0.09571625,0.35470694
2.7047513,0.33763647,0.010485724,0.09295688,-0.08080224,0.32832044
0.107785486,0.176972,0.13773441,0.1069553,0.10224374,0.35215074
-0.43609744,1.388989,1.550847,0.15915936,0.23608826,0.5727457
-0.90981776,0.22691655,-0.17229718,1.3908983,-0.18521148,0.39495635
-0.44597372,0.26409858,-0.13322005,1.268546,-0.021983087,0.36507946
-0.037262548,1.3799357,0.11007089,1.2771314,-0.12365216,0.4652946
-0.60456973,0.17385086,1.6682479,0.19736958,-0.025396392,0.43237418
-0.34707427,0.17880279,1.6601828,1.2271198,-0.13891384,0.47506532
-0.07496515,1.4013023,0.02833926,0.14150539,0.27129257,0.36843663
0.8905988,0.26073462,-0.03979677,0.0711976,-0.11850223,0.35139936
0.049856484,0.29389688,0.03796316,0.06422091,-0.21158469,0.81728697
-0.3533626,0.19935596,-0.018592954,0.09796957,-0.09751041,0.27489626
-0.249129,0.34486592,0.05237358,0.03611373,0.43078268,0.33732116
-0.5694952,0.18993443,1.6976408,0.4568444,-0.21637216,0.45973998
-0.28987455,0.26617008,1.6682479,0.33123356,0.036605548,0.53209287
-0.30700067,0.42029482,-0.026974846,0.062876,0.10018074,0.35748827
-0.26735398,0.18170297,0.048739143,0.17748612,0.21382657,0.45299184
-0.4164795,0.3779086,0.14921546,0.21875724,0.059783876,0.33853394
-0.31101102,0.0051862076,-0.001926899,0.44294202,-0.12170479,0.44875535
0.9940487,0.3122769,0.014880758,0.1996747,0.84902394,0.45951843
0.444247,0.1936211,0.5269265,0.047153726,-0.06705468,0.46701378
-0.009565704,0.2609797,0.21515706,0.06495569,0.10384898,0.30439663
-0.8791592,0.13970914,0.3396465,0.20725629,-0.09087275,0.40541092
-0.46460074,0.25753304,0.14672965,0.19495249,0.036161516,0.4975307
0.2953233,0.35659826,0.014404163,0.100178115,0.5353643,0.53779566
-0.3237879,0.09155447,0.15185693,0.24531174,0.094098754,0.38449866
0.2608243,0.1512869,0.19850725,0.03804049,-0.13307315,0.38401628
-0.20404133,0.2001147,0.121061064,0.07868617,1.6805809,0.39008945
-0.5343366,0.17109653,0.09596787,0.34486586,-0.05028242,0.37128425
-0.4116372,0.15051278,0.22501156,0.12406085,-0.07611666,0.44786936
0.4907354,0.101441644,0.34913245,0.20020169,-0.13737296,0.41971737
-0.15080923,0.20727903,0.8626439,0.19722316,0.122816175,0.5340606
-0.36232376,0.1866768,0.24712166,0.4022188,-0.048957676,0.49249253
0.031365655,0.3291609,0.045759812,0.06645958,0.109865576,1.0219127
-0.38383725,0.18914354,-0.033554267,0.04181779,0.03691904,0.5814451
-9.18936e-05,0.3730818,-0.18934381,0.27748156,0.09593019,0.5112042
0.37378645,0.33760202,0.2990035,0.15879604,-0.17667481,0.43686777
0.8909494,0.5309933,-0.046471003,0.13160825,-0.18451662,0.6481255
-0.0015992932,0.09988264,0.5075321,0.2408945,-0.0015658587,0.4759986
-0.42610863,0.28794897,0.2698437,0.18846282,0.06096376,0.5163189
0.12109143,0.46063542,0.30908602,0.12886551,-0.0658708,0.5165603
-0.04803134,0.09053872,0.26323187,0.18432748,0.27141088,0.3776817
0.539063,0.05502642,-0.34121132,0.2063351,0.47981918,0.49391237
0.12870845,0.46642202,0.25524798,0.26100653,0.8814459,0.42308456
-0.026573638,0.13533318,-0.07017262,0.16385114,0.5213244,0.38822895
0.59732836,0.31131232,-0.0049153417,0.16489989,0.43692824,0.7149033
0.13476926,0.19448185,0.22973186,0.1251845,-0.10531239,0.5721051
0.19376954,0.5502609,-0.17636985,0.18696201,0.39339387,0.52511984
0.010785922,0.3491721,0.24474114,0.16154665,0.20189998,0.76025933
-0.6915785,0.19788346,0.24903008,0.21894646,0.16890036,0.697247
0.43419614,0.3186894,0.054508932,0.22556251,0.111308835,0.3858697
0.29374874,0.32870054,-0.10628101,0.10492409,0.049368504,0.41384867
0.15269423,0.24697226,0.46437895,0.5568986,-0.0040514916,0.40720838
0.9742118,0.1521576,-0.010242995,0.37500617,-0.06746409,0.45986503
0.8507598,0.47657347,0.18266797,0.16000041,-0.13573328,0.40974808
0.040638663,0.223674,0.30856442,0.27389926,0.07148933,0.29078493
0.19482428,0.30975527,0.30092457,0.19205198,-0.15345478,0.3053411
0.2559998,0.42474166,0.57091683,0.20294449,-0.039693505,0.29986134
-0.35999334,0.32034117,0.4836793,0.24864885,0.026069198,0.2825985
-0.06623399,0.14886096,0.12524962,0.3447248,0.22551669,0.30489543
0.069852315,0.2891391,0.45977682,0.3698914,-0.20545277,0.29031298
0.084443234,0.22385377,0.17719409,0.3057569,0.07757686,0.2709801
-0.05566477,0.3147747,0.27480215,0.25300166,-0.00849542,0.30832502
-0.040202968,0.36350113,0.22013327,0.51674056,0.065546565,0.36590186
-0.16031307,0.2569077,-0.14462821,0.23649797,3.3054667,0.30788246
-0.18413389,0.29767695,0.15914619,0.15377626,-0.044599175,0.28985274
-0.18695897,0.13753992,0.497469,0.16037646,-0.13598725,0.31412786
-0.26863286,0.4742558,-0.08296299,0.16519746,-0.21399695,0.27830547
-0.25878292,0.2590493,0.28971976,0.13839996,-0.12194882,0.3113789
-0.3860416,0.14108434,0.3278191,0.19004804,-0.1750944,0.280456
-0.17977911,0.2609806,0.27887625,0.115063585,1.5468862,0.49732944
-0.17896083,0.79848033,0.32865423,0.1837309,-0.16132954,1.6632445
-0.28181443,0.52879035,0.088872574,0.21692052,1.5468862,0.30688214
-0.5680794,0.65205073,0.39338535,0.04037621,1.5516714,0.29131424
-0.82670224,0.5701716,0.507994,0.047844008,1.5729489,0.31504285
-0.32303807,0.6454824,0.42417723,0.021575876,-0.045695014,1.5950387
-0.08397178,0.18558064,0.3224182,0.02805613,0.11870729,1.6443324
0.04708422,0.11200837,0.36618456,0.02976372,0.78986835,1.6240642
-0.22064963,0.6243508,0.515708,0.100718714,0.010890285,1.6591113
-0.34145147,0.053840555,0.5200413,0.03207992,-0.035898283,1.604862
-0.016805692,0.23881131,0.45501277,0.02868589,1.525084,0.31442633
0.033370163,0.22797018,0.21941006,0.02373895,1.660916,0.32291925
2.3292873,0.027741417,0.1988503,0.3483337,0.30513847,0.3229394
-0.08648306,0.25089973,0.12887329,0.15614381,0.11988571,0.32126343
-0.38031036,0.3600025,0.18564308,0.10948322,0.21767478,1.6055866
2.2996085,0.37729436,-0.19002241,0.20449322,0.4804869,0.29275504
2.1800046,0.36531463,0.43992928,0.07563825,0.63304555,0.2927736
2.8915498,0.16312596,-0.12070884,0.024507605,0.037948783,0.25390637
-0.41417387,0.12649888,0.034183607,1.266712,0.112323895,0.17942715
-0.5804005,0.14440447,-0.06559584,0.03654462,0.037133478,0.2696018
-0.78517175,0.13007784,-0.24727306,0.11608914,-0.0059057996,0.2576951
-0.020700878,0.13965589,-0.112308994,0.045044452,0.28168646,0.14930597
-0.5892401,0.14254317,-0.28954357,0.059392326,0.02111739,0.2469939
-0.15466547,0.15507099,-0.044065077,0.0290578,-0.042239875,0.15549523
-0.49546424,0.14233586,-0.049960837,0.022135213,0.10076094,0.25869718
-0.17972463,0.15580612,0.00870968,0.04634908,0.086526245,0.35718533
0.10788413,0.18830642,0.21745032,0.03308858,-0.111965254,0.22754472
-0.45493752,0.20606226,1.6589644,1.3588915,0.51654065,0.32589218
-0.40343124,0.16116437,-0.30676824,0.028460264,-0.035638645,0.12078191
0.37740102,0.13657686,-0.2170097,2.5492115,-0.11962317,0.3319804
-0.1290679,0.085089184,-0.17462745,0.05165138,0.5211011,0.4641812
-0.34095728,0.06513072,1.9276485,2.4737773,0.20989881,0.28179464
0.3512858,1.3046417,0.05609163,0.37512022,0.78752196,0.1650087
0.4807843,0.27262446,-0.21567062,0.27423945,0.17746185,0.35132697
-0.6913549,0.32646072,1.6765703,0.28662458,0.063167214,0.14991027
0.7519519,0.20218801,1.4843076,0.54174405,-0.013147052,0.21881175
0.07817388,0.14068383,0.0002662316,0.20792982,0.27131814,0.1390253
-0.43771642,0.20019782,-0.023242552,0.24605477,0.2594434,0.12446495
-0.8380524,1.339721,-0.199022,0.23947313,-0.006728463,0.16797969
0.20453137,1.3009806,0.22374779,0.35404405,0.013826359,0.2845813
0.071935244,1.3591866,-0.22218433,0.23037717,0.2524442,0.16865474
0.4206494,0.10620109,0.3305227,0.4098033,-0.03311366,0.2387051
0.4567216,0.2388666,0.6126345,0.84893095,-0.29183877,0.24429545
0.0069878474,0.22776109,-0.19106543,0.19340798,0.49127808,0.2878744
-0.16668004,0.91441464,-0.26598388,0.2627132,-0.11835539,0.3356449
0.2495499,1.3557061,-0.21415299,0.28283194,0.051474534,0.23514977
-1.0034276,1.2684803,0.047039516,0.5382442,-0.015168089,0.35125765
-0.021648008,0.011767425,-0.025124643,0.2574947,0.6085044,0.22581309
0.22845683,-0.09493108,-0.11692817,0.21268642,0.33144316,0.33176082
0.18672648,0.09480443,0.13286611,0.20176628,-0.11363591,0.2338877
-0.57929265,-0.09166687,-0.10224186,0.2848758,0.071125045,0.5052636
-0.6333477,0.288148,-0.22879943,0.16986081,0.045472637,0.3854066
-0.2377536,-0.0027333647,-0.21212432,0.19125295,0.1270612,0.22178859
0.5800166,0.11156563,-0.018996876,0.34102425,-0.21939135,0.3339641
-0.25760698,0.085261054,-0.28600988,0.20633909,0.122451425,0.2934382
0.3788512,-0.018283688,0.24343038,0.20224923,-0.16604501,0.22874385
0.3995822,0.27196664,-0.36227876,0.53618413,0.5991565,0.50785667
-0.013888344,0.26913694,0.35916036,0.44801897,0.1816036,0.30460995
-0.049395204,0.07705893,-0.343176,0.23384821,-0.1748348,0.28572577
0.046098016,0.06889764,-0.103403546,0.22878984,0.5566765,1.5307628
0.1266326,-0.036815025,-0.009086683,0.23092917,0.2137705,0.31598684
-0.5712468,0.31705123,-0.20569214,0.20514289,0.25629532,0.38661066
-0.708494,0.21173722,0.23908532,1.0767429,0.18122126,0.39744794
-0.14351058,0.3175606,0.32718992,0.21277252,0.38338745,0.44598877
-0.22068974,0.34710452,0.24002323,0.21396488,0.5988498,0.36965635
-0.5151001,0.062117584,0.5756874,0.2830247,-0.061375514,0.26322532
-0.33383372,0.31286752,0.08701757,0.33976132,0.23307325,0.28877312
-0.38263246,0.15700847,0.24620146,0.25711948,0.16537046,0.27309313
0.037599005,0.04822894,-0.14783303,0.2443476,0.005606238,0.5273775
-0.71040225,0.20507473,0.37894523,0.22986051,0.2722759,0.38090563
0.33324593,0.39074197,-0.11399227,0.27034596,-0.046602845,0.26416177
0.2163952,0.308527,0.04027275,0.25478157,0.10273282,0.37287444
-0.28377646,0.1993719,0.15229347,0.6104659,0.035192043,0.2755548
-0.35904995,-0.1603404,0.099146895,0.2865176,0.1678065,0.51419777
0.25534028,0.41867396,0.09782741,0.23136115,0.22359422,0.32720912
0.51197124,0.25939822,0.24782535,0.23488706,-0.010852154,0.43804678
0.6931746,0.03168062,-0.2416952,0.31114855,0.13889271,0.20523602
-0.2672189,0.025760695,0.09608341,0.46915,0.07016011,0.28070062
0.48078024,0.107637174,0.10924954,0.5267053,0.0732428,0.21140724
-0.09349043,0.2953735,-0.15948597,0.36614645,0.23638442,0.29122856
-0.5484614,-0.06499912,0.11325466,0.27960187,-0.05707016,0.22624278
1.02519,0.0087666735,0.047002137,0.22130278,-0.14734787,0.45633852
-0.47505715,0.14170963,-0.062422782,0.4551257,0.37243137,0.36499828
0.49770063,0.092049904,0.5320194,0.22205472,0.13464427,0.56714046
0.3031179,0.06908614,0.1288718,0.22224861,0.0043478124,0.6284352
0.42771494,0.056273647,-0.014418397,0.20934504,0.1173839,0.313015
0.59148204,0.28328001,-0.119691916,0.19195113,-0.11201942,0.26636583
0.37819856,0.31922546,-0.0075244196,0.29063675,0.3568294,0.48005363
0.32682234,-0.12323129,0.22937074,0.20134097,0.6446148,0.47312427
-0.8083639,0.370529,1.6301094,0.28339064,1.4470357,0.45513883
0.21085292,-0.009954743,0.2582864,0.3106099,0.05757789,0.25248128
-0.11585056,-0.043392494,-0.11169382,0.23647907,0.12771206,0.30693963
-0.21169806,0.46031606,0.2042099,0.19169113,0.104987785,0.28176728
-0.50174016,0.26430896,0.2190404,0.20699388,0.029556075,0.29067138
-0.9429805,0.08714261,0.15638468,0.30368796,-0.13423847,0.23898154
0.09011581,0.38491046,0.34130636,0.19712943,0.21436483,0.3990409
0.0631529,0.09527392,0.22505492,0.1905722,0.15878047,0.288598
-0.57453316,0.10852141,-0.15019378,0.26207873,0.22357836,0.112973124
-0.43941873,0.4194131,-0.003170032,0.22269708,2.2247424,0.12823755
-0.011079237,-0.119355656,-0.31074247,0.22043195,1.5211027,0.13415903
-0.2273426,0.032529958,0.18299851,0.19955549,0.32275245,0.1605835
0.061515376,-0.122176915,0.9214356,0.3793323,0.46179888,0.18579331
-0.31394744,-0.040814027,0.7903738,0.2365664,0.5435524,0.20604312
-0.4982531,0.21777809,-0.10093641,0.28901485,0.7093332,0.13621873
-0.07754107,0.24095842,-0.054852314,0.31860912,0.21942861,0.20259404
0.04530009,0.31736556,-0.0720438,0.20085478,0.43445066,0.15660262
0.06412577,-0.065676205,-0.4014123,0.19194987,0.012762256,0.13219422
-0.08436599,0.0005893111,-0.062879115,0.24546546,0.34133708,0.1392656
-0.19155392,0.03297715,-0.044448253,0.25638404,0.2210916,0.13545749
-0.36963123,0.06462503,-0.19625968,0.22293434,0.3466199,0.17446268
1.9792452,-0.050034128,-0.02153857,1.3117075,0.19664578,1.6779393
2.0576897,0.095323406,-0.0075336695,0.21391883,0.040278494,0.20021135
2.0413492,-0.1472038,-0.050895084,0.21065143,0.44295546,0.11840692
-0.07471663,0.058356576,-0.0629677,0.19136116,0.68698525,1.4974828
2.2854888,0.15341333,-0.115891136,1.3509462,0.40347275,0.15776563
2.0782044,0.1928151,-0.11555233,1.378909,0.13436541,1.523629
-0.16728225,-0.05184894,0.1393989,1.3480192,0.59781873,0.165344
-0.70568967,0.38672295,-0.19594425,0.19246909,0.34245536,0.13404606
0.64032495,1.2819383,1.834569,0.20862508,0.2981676,1.5137541
1.903542,0.36198848,-0.2933998,0.21894386,0.29496512,1.4234537
-0.014662193,0.22026592,-0.23325256,0.19840091,0.15975028,0.19190827
-0.022215784,0.1706906,-0.2121009,1.2930489,0.16849616,0.16021308
0.18584624,0.071914576,0.14362168,1.3908819,0.18209864,2.0769982
0.28792447,-0.04992163,0.11141413,1.493628,0.49435154,0.133109
-0.048387244,0.021554217,0.06665673,0.21867082,0.5570539,0.5783393
0.44315833,0.011146024,-0.24635574,0.2176404,0.73496306,0.42349073
0.026875038,0.0015169755,-0.13574398,0.4024855,0.19733687,0.23187095
0.14718741,0.13285321,-0.23658597,0.3996626,0.62991345,0.25024873
0.6444133,1.2714498,1.5028498,0.32532603,0.40547696,0.37980065
0.33120054,1.2570498,-0.08949934,0.3163105,0.21620017,0.41201586
0.35321093,1.2844404,0.24367154,0.41684586,0.2862831,0.21086672
-0.49111816,1.2901845,-0.024928682,0.5264472,-0.0018280819,0.3003204
0.6181797,1.2844404,-0.077276155,0.31207186,0.30238095,0.44967258
0.54284513,0.6140347,0.19776425,0.51697874,0.078400955,0.38299537
0.42890063,-0.0074637234,0.21039593,0.3177189,0.15286344,0.32133698
0.6202524,-0.032910623,0.3721109,0.49584556,0.11465733,0.30024236
0.02700986,-0.109865464,0.33064252,0.34032568,0.15795776,0.41463196
0.24645364,-0.007309526,0.49265504,0.40254933,0.3206375,0.5044719
-0.12230128,-0.13075022,0.12748739,0.37962145,0.3457964,0.46918544
0.17164928,0.11661438,0.26743498,0.36724913,0.34787813,0.2764957
0.23059797,0.3185826,-0.12162598,0.33297166,0.3035891,0.39173046
0.6576583,-0.09782496,-0.08328817,0.42348683,0.116179705,0.39897332
0.49494648,0.26175836,0.2684177,0.37166557,0.23484398,0.41094357
0.2833973,0.14417392,-0.005156886,0.32324678,0.39099115,0.3685137
0.09948469,0.04444146,-0.012267932,0.38769805,0.29161024,0.24101314
0.21235082,0.2602052,-0.054923918,0.3404274,0.37972203,0.31301883
-0.1910989,0.35317022,0.061667822,0.57109183,0.16125724,0.58374435
0.4219019,0.004960656,0.6965397,0.5261614,0.2608889,0.3798075
0.44094723,0.10270018,0.1402007,0.3377694,1.788913,0.38641906
0.505157,0.24850813,0.23280641,0.29479104,0.27666217,0.33606192
0.6387082,0.14879644,0.23874554,0.33444124,0.13997197,0.2589314
0.5215726,0.12747693,0.12726441,0.34420484,0.29098514,0.25325832
0.33590138,0.01114402,-0.16218835,0.36088812,0.33674553,0.29108807
0.30527428,0.33025396,0.12268176,0.35587963,0.51061445,0.48475045
0.11091582,0.14089563,0.073120184,0.39654335,0.31813315,0.25984043
0.543986,0.019059151,0.2310198,0.34437183,0.08409172,0.39000702
0.014926337,0.3197529,0.038220316,0.34071028,0.5397999,0.35702085
0.086315036,0.1521236,0.44749576,0.7046176,0.3939709,0.3429679
0.3249997,0.4455036,0.33674788,0.43469298,0.19645046,0.2595679
0.94306463,-0.12090384,0.19808468,0.5237885,0.4171053,0.4007104
0.36947456,0.18308818,0.072764225,0.3841065,0.15261209,0.26752833
0.2362653,0.09691238,0.03259527,0.32640645,0.3780535,0.37238187
0.0939145,-0.047767766,0.102435015,0.52604604,0.5589522,0.32604605
0.17682457,0.26268452,0.4187397,0.3106978,0.3438396,0.39372462
0.19766775,0.23728272,0.8119539,0.30917877,0.1390588,0.30972615
0.51667875,0.039414234,0.21833986,0.6923262,0.23994753,0.26427934
-0.0867912,0.2850162,0.17119822,0.4592594,0.08964557,0.2712896
0.5591026,0.17102334,-0.098126635,0.36621392,0.38923112,0.24299452
0.3677308,0.14430377,0.050015204,0.4482949,0.11260661,0.26292038
0.2941236,0.1264995,-0.005415216,0.4913473,0.2622448,0.24337718
0.5075517,0.27941,0.1937032,0.36427638,0.49282613,0.27636093
0.43740994,0.033891022,0.17453247,0.48319536,0.4964806,0.2521866
0.3637575,0.2698398,0.044258714,0.3192521,0.74635935,0.3747803
-0.002253199,0.24362755,0.041954607,0.3670962,0.12804946,0.2499434
1.10945,0.07320843,0.029266529,0.32313472,0.26638204,0.22516987
-0.45772466,0.30253434,0.37999567,0.32355577,0.05254387,0.5320403
0.42768183,0.16148698,0.39603382,0.3938977,0.37348527,0.28263366
0.71353424,0.0037786886,0.29719806,0.35829228,0.2612238,0.5667349
0.52239656,0.15036401,0.21039948,0.3146031,-0.07704987,0.2900248
0.67839384,0.14171633,0.3467524,0.33266237,0.17871623,0.28344834
0.96703076,0.43213564,0.358685,0.31641722,0.43534887,0.31616557
1.0037777,0.10059733,0.22382176,0.31812766,0.26934022,0.3163566
0.83238715,0.3721997,0.29783422,0.34694275,0.22162923,0.26389387
0.591313,0.2884214,0.17465666,0.3044181,0.47252893,0.25775737
0.7597521,0.29263842,0.13644025,0.33594856,0.13071506,0.26967752
0.6184492,0.077691026,0.08935455,0.33990508,0.35969394,0.34545976
-0.020675182,0.009953871,0.14994559,0.47456896,0.4381722,0.36011952
-0.00777442,0.05220867,0.2561731,0.45277905,0.39468455,0.37465963
-0.5189165,0.14123812,0.3495564,0.3812418,0.1768042,0.35895428
0.5239959,0.073872276,0.19153386,0.5094515,0.13236767,0.4119996
0.67541176,0.07190665,0.30018353,0.36504593,0.26989412,0.42228517
0.48098475,0.21750402,0.23164994,0.3759577,0.13716082,0.356599
0.21682185,0.19346571,0.26432872,0.3282645,0.22594705,0.44495943
0.46649945,0.2016623,-0.006694399,0.40565878,0.47278413,0.36739644
0.36654052,0.38619557,0.27299014,0.35823593,0.5063381,0.39188755
0.69112635,0.37674272,0.40882918,0.32543588,0.4872617,0.372474
0.46230635,-0.09673727,-0.056968205,0.5117683,0.15549086,0.38461643
0.724075,0.0042669997,0.38130432,0.37518597,0.4828426,0.5615151
0.39828053,0.20941272,0.3751945,0.31488076,1.5115489,0.51193523
0.67552376,0.058153786,1.7905941,1.2470627,0.08207763,0.38659754
0.33306697,0.27578872,0.16744182,1.6280373,0.35279298,0.73930776
0.57934546,0.32162523,0.17764664,0.45732272,0.32504633,0.599223
0.7365472,0.20511016,0.27459037,0.33486104,1.5001981,0.46009514
0.34639937,0.20113426,-0.032275695,0.44742224,1.6264573,0.6936234
0.31882897,0.2338615,0.04490792,0.38567972,1.530089,0.48023346
0.5032846,0.19727194,1.8330739,0.33625787,0.23478428,0.26324865
0.041959994,0.26753414,2.4408913,0.48125237,0.22596113,1.9259385
0.20682698,0.2396782,1.8373654,0.38084504,0.4684154,0.44209063
2.0228918,0.35288924,1.8472378,1.3193395,0.34022087,1.6987686
2.1953804,0.12966749,0.1699673,0.39183694,0.46156648,0.39164364
0.5632465,0.3965679,1.5097606,0.32683462,0.72977626,0.4757926
2.186393,0.33495918,0.36166048,0.5126933,0.37235215,1.6824261
2.2973127,0.2821002,0.29361254,0.38402766,1.4756349,1.664546
0.4556664,1.2430952,0.36641887,0.39153713,0.16528557,1.6322656
0.40081102,0.17508781,0.24011445,1.6280373,2.4694374,0.6607158
2.0440288,0.64075947,2.548224,1.2342616,1.5257217,0.36934787
0.42048314,0.30795267,0.07907301,0.3634869,0.4295616,0.35459876
2.749373,1.2829745,0.20788029,0.31132844,,
