-0.00994738630844549,0.6557478951860091,1.15615059377439,1.66421435022313,0.8118549152700829,0.9874490081240891
0.839390885294942,0.971783729648951,1.18341393550825,1.3172510239461799,2.16036736646088,0.7086587286068149
0.324098957506209,0.401977474999383,0.9614656706477751,0.30485096296243297,0.7773086591865671,0.9665343239841229
-0.37714363976164794,1.00056456055035,1.8694477044423101,1.2390203219585199,0.6623981151096651,0.971864782055489
0.028003028049182,0.6850058586431469,1.22290272233682,0.839919156526462,0.871879562636807,1.30037029584749
1.02503887613152,0.33590951564009497,0.879364778468446,0.9831608124084871,0.440136535281891,0.635813198292731
-0.250138670183095,0.54360179507095,1.3806371811701201,1.0744371719708399,0.494028746410256,0.43414510249372795
0.9094491285210601,1.75762331237091,0.8038563766852599,1.33367232375484,0.7993809035711451,0.862199320777306
0.526006296631762,1.50064492743642,1.60083326004553,0.6852258005957879,0.7177762935858341,0.937156500343196
0.9959606672468672,1.04146664254284,1.14089012841552,0.7956465998312551,1.31118890697523,0.550476417673884
-0.289817889524339,1.18269913431475,0.892646218109736,0.991688612331101,1.56545119568938,1.88993033636749
0.8966131068123391,0.7859521754702009,1.2240068287492099,0.7996258787704571,0.748237411546226,0.696189926188789
1.21434568193976,1.8473935509984898,1.01794822539649,0.577288971563317,0.76697263498053,1.0649980544378699
1.44332213115892,0.41402529091725104,1.1942164341021002,1.2391979139373999,0.616030733523082,1.5732759688856501
1.7104136155671998,0.257965391446096,1.00140773228271,0.7681543086565981,0.6953766309144871,1.12105864870179
2.22694784809081,0.7535524298849058,1.0213789170365999,0.980475648002837,0.549485203623338,0.538706082818243
1.3867565292479098,0.890081183093659,1.0200265829817399,0.243464775260482,1.03286770570145,0.7597271970478
1.62596486126104,1.47188854788048,1.03367465525089,1.05820694308151,0.827220673482738,0.4587194201587199
1.5232982504606798,1.58916777073553,0.675144269339177,1.0592370467346999,0.761512453072633,1.5103029587389698
1.2078349302463702,0.5550138263446421,0.6511119522082521,-0.23869809126531302,1.09446957581676,-0.28615673541368103
0.78442495443891,0.95444443707135,0.25466005283812,1.2438657256483798,0.959927776279149,0.6575777665421589
0.796188741189113,0.381902466194406,1.0143766615782601,1.17637104726424,0.310775763671185,1.39175699033559
2.41486267363392,1.23001328358995,1.05268663215185,1.1905259449927401,1.0603976989899,0.967351607711888
1.02240507843178,0.632932508614414,1.13266615602174,1.06527561472186,0.6694767837929789,1.2568615710631001
1.15283376539612,1.15156420279277,1.1087243754754899,0.5277135971500531,0.536560888440707,1.2138167827329298
1.33158074198573,0.7439840057387571,1.41817954506779,0.797689935922702,0.985395962554512,0.522240734745142
0.874556440075721,0.712867343110124,0.580811292690277,1.28963969659853,0.6681885304075121,0.526681091946508
0.773778359427818,0.558760080476198,1.03319158634291,0.9506219933584159,1.23776673382045,0.7002462333244799
0.863332312421997,0.21330473537501998,1.15942991174774,2.12140229431931,1.5253934064035999,0.572425217758891
0.628914802089872,1.07091591422903,0.015405148921671002,0.0752293575902994,0.860791199579882,1.04034606812547
1.6151674543869998,0.6956771189209129,1.0364417416701202,0.39153107147343,0.729497985299155,0.657326129762984
1.0535346475377099,0.6669576503066321,0.927090935586178,1.02852262499953,0.9741532562174641,-1.4249705067293301
1.0048942309942401,1.5424597299954599,1.71502275618036,0.49494418093302706,1.3501598371708199,0.6134296753184001
2.3691033092216203,1.21080641826577,0.743296404874067,1.06896999309271,1.15497244181409,1.37202159354101
1.45662862086894,0.719593499995968,0.9308104939653629,0.441369231129224,1.4337588026452601,0.8590193145749
0.8735169242124491,1.72197736199729,1.0153008951999498,1.0954637789625101,0.98057474579224,0.7481977107317729
1.61517121285384,0.5429208130962171,1.07739230855093,1.07862147367058,0.762797425831193,1.63170548676431
1.46100514410144,0.8523193150970692,1.47652039358237,0.568944259644501,0.5781352767285489,0.782698445793519
1.6171989038691101,1.1869248300553799,1.29954415369747,0.6830455981090761,1.26450149598353,0.48150681801089207
0.605455140725582,1.8700111595753202,1.1010415385613501,0.7306988397585191,0.630726945371093,0.38860415659912295
0.561624843613273,1.3997393519533898,0.767543801777591,1.20024671042285,0.6949148276761739,1.6942763291387
0.8703805106323442,1.0170878947785,0.813995769500478,0.595972442886243,0.895222028297243,0.8268824842873299
2.01106036471641,1.23420804478729,1.78459690433053,-0.495672949316044,0.93869008249459,0.548979908166471
1.5139049146601498,0.503869622445261,0.9368519041116059,0.37399024803575204,1.1069771860300601,0.814976527423196
2.3449686012202298,1.3908499864565,0.91497879537042,0.8674159054041279,0.7627982303144271,1.0369870231669498
1.4223662232343302,1.6804986181738202,0.52149857913448,0.9167598207879379,1.15212882684295,1.97924472379919
2.2870588986570297,1.58081961331981,1.18606629971288,0.941664647331246,0.46823886464919895,0.9115995790340841
1.17777477274084,0.7909435798074879,0.8046484173924799,-0.293297255995141,0.701349675429001,0.739504464923653
1.12353931615131,0.923058028593878,1.4092796911071799,4.33915415885492,0.679208158221675,0.668813558473624
0.8494608821989029,0.60604641158852,0.6569008112621461,1.16547204173821,1.4986072397544399,0.591033311932788
1.08987355477837,0.590566217156625,0.150144844224163,0.8291314742674699,1.2153038831124299,2.31367712329249
1.02453535176128,0.495248323486761,0.601881718942376,0.821239284936303,1.17251412290317,1.61671591094801
1.45549493085359,0.8925887228638141,1.49479738111067,0.8793042820250321,1.38689005180888,1.59163257841902
0.678474079852465,0.584181205366115,2.33402689243283,0.501522124887988,1.32296906272518,1.8137155450981497
1.30231909420799,0.8687389379301371,0.530771662275582,0.9486260654196909,1.6011844934632098,0.415432976109715
0.830773336117332,1.18960195086883,1.3685520012714498,1.0791777196535401,2.13675510234176,0.9247408230369409
1.04234170850013,1.35741614669904,1.40217261078993,1.0804634783181302,0.34255389670368397,0.7471967849705219
1.16151967341326,1.35698487905043,1.26406119152187,0.513622377032173,1.11691006317106,1.30895494714523
1.02901727412513,1.91227399123579,0.64197807430316,0.9513160741116742,0.928927140453095,0.954527059355822
0.41589237733204,1.3687867276858101,0.49290112691245297,-0.4338272922922429,0.9332140968268872,0.660406801891025
0.7736785241251931,0.5541595683116539,1.57908126551328,0.805745920878717,0.345421788945223,1.14302144157768
1.21589973350928,0.8674497732991551,1.64708133538952,1.4118154774198601,0.5454758710200779,0.9421024001995779
1.2244104133159,0.445687254119034,1.29996777908829,1.37688502599379,1.09650472213631,1.43441517182749
1.46885520833458,0.9617390468772,1.12328810526011,1.5288801449321299,0.944118756136242,1.20306671625572
1.45916383850747,1.23488657986146,2.14214846391251,1.9834234675200302,0.930380463192583,1.68189050087787
1.92844974533584,1.0528532951837,0.896046004449144,0.8987374446523041,1.53474601954925,0.737912019228148
1.42341913340186,1.18668965537329,0.678898154831849,1.27433430570649,0.9443269599683249,1.06717254916347
3.86879797765253,0.9195948894830319,1.3394789097659199,1.3382184302226101,0.906174707808351,1.26909713844978
0.6849733371784531,0.5666291327496129,1.31442064952709,0.6131038243848729,0.9275696530891692,0.641551052433139
1.22577108060485,1.36415295361458,1.4310521878356002,1.02371788093899,0.40895330345970504,0.8728386897636791
3.9919535239193795,1.27453704059492,1.616590628369,0.490139400945995,0.6890177688206589,0.8563982897445691
4.1521427559286,0.674586149492922,1.21443858043552,0.324281331230435,1.20813268391501,1.0284832004228
1.51972856115865,0.512016234415332,1.55171743631123,0.726342942595371,0.780506084686535,1.21031988762697
0.8873826213951871,0.663969581891018,0.809671003314137,0.782661478387719,1.13737160958743,1.51411657212177
1.4141955871549199,1.8223963120045301,0.9131817945559231,1.0404559099072,0.717095656642347,0.485102572398308
1.0061438716582,1.18001536441569,0.980775403497417,0.7998104726303779,1.13170533988603,1.5829308971811202
1.11485937974484,0.7522815787633079,0.7689948916201791,0.517389422825511,0.90010794162559,3.9564196298807204
0.659230681681889,2.3805696652529402,1.33996435823585,1.2202559802678201,1.8532845993308502,0.628888548578636
3.38344143131118,3.8462510500506197,1.24333163454188,0.7228771061459839,4.02442152604981,1.0701472957807099
0.167614651815268,0.388986656959007,0.910520751883543,0.9135761316009471,1.0430250946089101,1.1546650317598202
-0.449734615886342,0.9193148395284609,0.759225143503793,0.7178021394364871,4.48293150373071,1.13311825910841
-0.509966377852178,0.615114026321439,0.5462595138712,0.9482809862661229,0.651291725347346,4.05157301341071
-0.365054748521331,3.98497366401227,0.314487525854433,1.00639557713441,0.387280106196817,4.2183678768225095
-0.391462016588834,0.70811663378168,0.521810123270253,0.8656483197762671,0.302832216702589,3.7361684463576696
0.0336277345133653,3.98060655249882,1.52184495550458,0.748715664336538,0.7766977233292242,0.951785548641941
-0.6929931684232409,1.00332322137687,0.850009176310315,1.09018461384028,3.7401149423874505,4.08733631329035
-0.9606955585039809,2.13032965214342,0.7421752582674019,0.961611531445451,0.840804320298196,3.9148050760718798
0.36492701709299696,0.992023265159494,0.8386677461829759,0.392118727363799,3.6666512392975403,0.9469969752775791
-0.593701601412991,0.989535125274197,0.869594516258325,1.1323791090055901,3.97316542817348,0.78006020896816
0.17406153596851698,1.13930982730682,0.6500207376498671,4.08390687037827,1.0195368447462199,0.376968388145134
0.0821872173240534,3.8697253872376,1.25540763685855,0.6924097790050491,4.02442152604981,-0.23285855517610396
-0.55568492067791,1.00915876669015,1.3327240058112502,1.03276369258706,1.1893495122778,-0.0656497974844386
0.10385844519610099,4.35908546064274,0.998698308579033,1.31555526123176,-0.46766143042774105,0.12683241222202302
-0.7903018561821371,0.6154762391551171,0.7170021854889042,3.9079965977621205,0.741231209131677,-0.279639497936237
-0.304875611134672,0.9309813097496329,1.36729740143491,4.12915257788875,-0.36503615100019204,-0.49955215929018
-0.32393123186523104,1.1612458454344199,0.559618369024246,4.08884919234939,0.553485231629571,-0.5197447154717321
-1.16431449534357,-0.762336674543433,3.86990365284167,3.7549853856616604,-0.306042217017032,-0.295996545933089
-0.35701768049800703,0.8913050605230358,4.07161807713567,0.680043780443017,-0.532871551517477,-0.376846166306769
-0.6881352179050461,-0.551753153454111,4.22512191701162,1.3715065966783602,-0.0917838825425907,-0.287624660673973
-0.466381943997493,-0.6195212469721071,0.90456879283004,0.886126744848897,-0.17777547494146,-0.586074926945355
0.0798007807092722,0.5531064322166329,4.92628354296804,0.7134353978287821,-0.23269427863856604,0.709638486956747
-0.269460605144108,-0.48003077235000396,0.930935782747245,0.684105047857341,-0.0470710224342226,-0.162167445098781
-0.032098352849713,-0.0363995588965626,1.5126639795650199,4.19395891966784,0.0245340128284953,0.543505303151428
0.200682583009786,0.237455575626517,1.52194501288809,-0.999493307942093,-0.31533973186150105,0.30087932949961
-0.7156279685968331,-0.38835312692879903,1.51207667189855,-2.2996857080376403,0.21488278779419198,-0.47044438171412
-0.447619904569455,0.0280242603896318,4.64352257153812,-0.8095733043131271,0.30158459480690397,0.153220386000956
-0.749450710931938,0.6097493607215739,3.97623841109757,-0.4040700113541721,-0.25911039279238,-0.254066309315245
-0.0411150698886981,-0.697095835724969,1.03155356347453,-0.962739133649582,0.163110891705201,-0.772898929410666
-0.247518713203538,-0.527649751882005,-0.0260163535967054,0.849442805866853,0.572959402336019,-0.38163800463206604
-1.13921524332302,0.35453032066828705,-0.0409292300598305,-0.30864106265810304,-0.173339225604844,-0.6359057064197989
-0.808031245460037,0.0186495573304961,0.36178966058654904,-0.169954462225522,-0.701717116871059,-0.24937143254783303
-0.32630188678945,-0.135443184598291,0.301690359654058,0.0665733278338281,0.304105871832511,0.21957091893900899
-0.725225051409702,-0.723551507281149,-0.445203948376882,-0.441971957341192,-0.251278680988521,0.125557616495275
0.358703647664969,-0.300919153998527,0.40397195992203705,-1.37559737712372,-0.8138860741647149,0.0980807835663021
-0.24385404467883498,0.143331224859782,-0.398146086302461,-0.142729056931334,-0.445624195518334,0.51307260845819
-0.24707363413587802,0.574944954961365,0.24251440494044896,-0.8464899273473241,-0.462509501436335,-0.39595400156747296
-0.0824801888949368,0.614231833554289,-0.628381242997787,-0.34640917835523605,-0.0149911181944389,0.0630744693544455
-2.11646708609406,0.190857513817482,0.34502857062185,-0.449654291889055,-0.328659922444671,-0.0941672321663217
-1.54004549093188,-1.11548331549043,-0.14319044519454402,-0.0527493920399405,0.145717687753564,-0.33605766054221503
-0.19752515959303896,0.22877509868869,-0.386925614990522,-0.39027069896316996,-0.0728068819562142,-0.264681221997221
-0.141563123974776,-0.257712944280549,-0.153440396498785,-0.679120704335584,-0.48869528921138206,0.0454114098393025
0.353171000914159,-0.17816847450853002,-0.333899095238405,-0.505072343509621,1.2244449182210402,-0.332525799929305
-0.5096621759461629,-5.50899340273758,0.37742253974461804,-0.23737811294852695,-0.10307446848158401,0.17088806195604297
0.873433691005323,0.18991723879926997,-0.154535447478125,0.135939207282269,-0.32526306798047805,0.0228368562980059
-0.6132882099733901,-0.164575114262491,-0.173486385356309,-0.595029317026161,-0.26800515508970996,0.0198279255685615
-0.0204006619801126,-0.7790501560468671,0.5697284776095028,-0.0031422499627768398,-0.115824342011014,0.20958985551259
1.41587359519623,0.519702052378248,0.8012728533687941,-0.0989788450804355,-0.0223667870746059,-0.5970392231161229
0.0134413405601695,-0.604495763335753,-0.179020459783216,-1.2482534664894498,1.01632885646217,0.10903541759707
-0.29906855368355495,-0.45606970663811497,-0.33971501377554997,-0.38636083183136,-0.289526392742122,0.37500174847605294
-0.0137813652911107,0.48682612726153396,-0.0156932935608161,0.799535434000731,-0.479468485359711,-0.277538150227858
-0.767072852676573,-0.45990606682881696,0.349395342530007,-0.422557470835379,0.9954814236854771,-0.19433548869610198
-0.11538313093560601,-0.15230316572186903,0.104723535562486,-0.00722311163662987,0.975429571542442,-0.4279152801228321
0.045942531820546,0.16817578863539498,-0.5805464856513921,0.7646385633570508,0.45807542534393697,0.6010459864291819
0.122301977222561,-0.3732951964578039,1.1236112516100902,-0.426432947885662,0.37649262555137203,-0.26926821033778103
0.584599254595941,-0.47315976086056605,0.54150327506316,0.026412401796439,-0.39591452326498405,-1.50760434126622
0.060339935566752004,-0.158185028215299,0.37512958362750604,-0.379680514064823,-0.171205571103887,0.255173200817817
0.612179002010438,-0.10579551443833601,-0.7827600234991411,-0.14703567044648,1.07669591500477,0.0530024660006072
0.326738353632596,-2.86792498312804,-0.200459402476132,-1.2162628100885802,0.277658806067401,0.589377250789058
0.343827341478988,-0.48725613244532706,-0.374784763720105,-0.529669605261756,0.359471338967335,0.23202609221922502
-0.0397906353416183,0.707032006758155,0.7020492716006379,0.24350328179927397,0.762381333253718,-0.21341708002601
0.270574745707264,0.0634801276286698,-0.732490791209136,-0.495835959006361,0.7256528839181601,-0.556176057510023
-0.395841512591378,0.151641019960536,-0.410268611065498,0.361697757206354,0.641855753651537,0.555446327656703
-0.57325295174537,-0.21974579542004802,0.17153401471932597,-0.159516920699528,1.50631033898754,0.5113744663590251
-1.7844566221121299,0.20701246506851997,-0.0757864039999759,-0.20108025168984398,0.103624689658087,1.38783685255678
-0.5048067383729129,0.49429303387441503,-0.0431797886506649,-0.215210360658378,-0.0963542187801212,0.53435990325226
0.286956895650205,0.19809444628492198,0.0393776743547906,-0.486365556563685,-0.7402533968825251,0.53143932100285
-0.49749967975405796,-0.270355605640956,0.0806721683009695,0.453563231426948,-0.6416766125543559,0.19453154688454102
0.0290869834238786,0.041176078824772,-0.751469005571356,0.18325680312771,-0.21719539813085395,1.24896773936606
0.0649266425487444,0.41229781921574704,0.25616311443947504,-0.0168522008137061,0.23861210816710698,0.77145961454343
-0.119960290448169,-0.0464211428266522,3.5789522756355696,0.232802828244209,-0.17111051343071698,0.00581466992492496
-0.16021852995901,1.21750261632063,-0.327766587427456,0.38201078151587703,0.15599554001841598,-0.494641691268425
-0.11516379793955199,-0.606522280711796,0.700104936557371,-1.12778874906861,-0.30673824545523803,0.6623736075264929
-0.9202662237367171,0.15364857473374802,0.31735796925666804,-0.40612983423606797,-0.544995348068802,0.14088804213573403
0.244780654597718,0.0521838497512331,-0.178790156889342,-1.78610708066462e-05,0.279106263824097,0.3382465297398631
0.24158203729299801,-0.782579037553521,-0.510399993700174,0.4976210262886421,-0.39283000610677704,-0.33706133288714496
-0.462050537262932,0.681996509086187,-0.38138332019697496,-0.384509373891997,-0.13612613758619002,-0.0399890040115479
-0.364203860598809,-0.24697649832180202,0.0836687673935144,-0.0825746171284393,0.35366576877705,-0.157168813536525
0.147035057460918,0.505202873174341,0.0552845269347179,-0.11852796364561699,0.25553756108124,-0.17427115479795702
-0.5376805079367679,-0.6333471249817739,-0.8207730802278249,-0.16103956840277,-0.0869701281407051,-0.608662704950462
-0.255091485236787,0.0862514516419724,-0.579187350149145,-0.39832604230655605,0.7915558041839049,-0.21777384565529198
-0.685153230401916,-0.499301282121678,0.572175498172384,-0.0958610784306188,3.0099168245684904,-0.0812103177457429
-0.40783375514558395,-0.10566626596187699,-0.12173182035525501,0.167224346472419,1.14263590471689,-0.462750166232027
0.17671038585691898,-0.370685047915412,0.410053230581704,0.00872512675683634,-0.132424125472783,-0.6283626531895661
0.060873890156365,-0.171496303125786,-0.20442047928633605,-0.14131229274310902,3.1927535195892696,-0.0885082056066871
3.75613928213521,-0.880198040367153,-2.59963400868127,-0.224699829046798,-0.0900772830911009,-0.715466605415754
-0.186366007213359,-0.0141151643425398,0.223174220675241,-0.4553562525287,-0.621014613143888,-0.571689452251764
0.0124567174824792,-0.254213056987845,0.392975764337026,-0.079696413313362,-0.0655619390946995,-0.38419203071393
2.92564036634633,-0.0292884858675686,0.342393247995039,-0.103701610409151,3.0881102151256603,-0.10086043782299099
3.23713031951608,0.36382320862273104,-0.425973361749787,0.11057248394560301,-0.25294049055294504,-0.6390747579403381
3.22517099054919,-0.398004348710249,0.42849360634303296,-0.2832803867306731,-0.28546557698358693,1.0478190326980301
2.99334015499482,-0.41108480174765005,-0.20921673654983397,0.10521379001198301,3.02480865660597,0.270220254699489
-0.8782028512640941,-0.396596871369933,0.64695040267357,-0.203013654136026,-0.237569065771313,-0.738463200068741
0.163349128451709,0.38189980296605297,-0.654134371837495,-0.5940989647597789,0.8775348384958571,-0.0671752320456394
-0.0282433812035448,0.651307632934064,-0.182706168979225,-0.7992329683903959,-0.420697797074518,-0.24790400517258201
-0.41583517770717204,0.13504064360857498,-1.06632680819537,-0.28629116787215997,-0.78993912085778,0.08716804071013
0.116652534762201,2.9793247578972597,0.660502861197422,-0.192051324310929,3.4704605345828097,-1.10505535307424
-0.0249354344050365,-0.589955786037332,0.461147331678468,-0.332483764845901,-0.457005839138536,-0.0966618763128547
-0.8048426747631221,-0.40701431934568605,0.0329735467434653,0.009396272389932129,0.614240588451999,3.12750234584867
0.161479295352572,3.07403944825158,-0.29055608642679104,-0.22588059937954,-0.0250378275725133,2.6210469520696003
-0.22024643628085103,-0.773223998353065,-0.48482921984153293,-0.46571197097319794,0.6193832907101391,3.13240813163615
0.495055135879231,3.86319767845814,0.44292804693486,0.602807810310593,-0.19608908276481601,-0.0428190877474877
0.8368723234758242,-0.48698365045538106,-0.082692374239557,-0.207377294017646,-0.0677380155826663,-0.815735159387883
-0.30190714254226697,-0.24947023637841,0.0852899905549894,0.0430011976074053,-0.6892617048814119,-0.37453442254692204
-0.205606084510469,0.125238451671501,0.24329620839256302,-0.7409607912470259,0.396548549341635,3.24464572753313
-0.161231087853612,0.0576398736506461,0.0901226587366344,-0.524054035318146,0.10476435141338099,3.70300493116037
-0.20022312470020498,-0.324617438054367,0.376979329025449,3.22893981186005,0.515014996902116,-0.4258314499575979
-0.0421892571833552,2.96261518942317,0.301945994150138,-0.685423867074734,-0.35900413806275,-0.9667757129921409
-0.20210847434055101,3.2444444099016296,-0.23019463255129602,-0.251683019034718,0.163470683451586,-0.43028406352344395
-0.494804879138036,2.8606791954386,-0.4271458586903579,-0.892103425261302,-0.0944960263882547,-0.640514783163056
0.28588436857118105,0.21549359372434304,0.281845831773924,0.0858068102007163,-0.181021317474462,-0.264708414743208
-0.00357066768714773,0.39633795276375205,-0.38117419061255103,0.291339360963565,-0.300674188838143,-0.42099179320853003
-0.541559146303316,0.243347189557147,0.790263831071517,3.2149079963158704,-0.30013217504609996,0.11474969794149902
-0.47947029581456496,0.12614600976453,-0.446706427011233,2.75138898840796,0.0251602720368013,-0.36027495584934005
0.170812865996661,0.285363314561633,1.35745503707261,-0.34072573922323396,-0.34414118728491405,-0.0789409023640077
0.22043595105477698,0.20888367194567103,-0.41437162256341703,3.11144964799131,-0.319493202077635,-0.397329852602026
0.0958343016575054,-0.986891388694827,3.28060813092852,3.1005154553220295,-0.217262476186409,0.00713972694853465
0.20915888214713899,-0.380654728963634,-0.42862527747510404,2.7898162015136303,0.192020927494772,-0.7184692237628361
-0.7691211612724009,-0.43811389773301296,-0.604337964060539,-0.270737149305513,-0.43305637099563105,0.380536358265692
0.627793697985968,-0.618905727280452,0.159996436489376,-0.525934784595543,1.04320967959241,-0.126237811962694
-0.524043483410876,-0.5232906369758479,-0.9246498259917709,-0.0479967051100532,0.5467573517752,-0.42805605021205106
0.205414339062283,-0.7296713736711701,3.3498017816640897,3.06404817439384,-0.19444540589686302,-0.153622966258029
0.160184551166945,-1.16179908459803,-0.649935908053631,3.2149079963158704,-0.32121825653931396,0.0448008259332088
-0.12220918630924499,-0.155244197493458,3.25602536787768,0.0339761594297158,-0.31462400701397997,0.372689286985241
-0.949747207291277,0.017125934361109,0.31590927858127,3.31125151856647,0.0998688345393936,0.325527681857661
-0.6041070855587719,0.0491355740711219,0.214676710588238,-0.7274636344179441,-0.540188327354289,-0.0486141808760635
-0.19286303151143397,0.35353785745035404,-0.527174865218078,-0.4045050371672171,-0.438313976313474,-0.0683529693676368
-0.0500875747634279,-0.5157995071529171,-0.0528405163070139,0.140851140182367,-0.8333122932156579,-0.32854197602874
0.20055834898306002,0.5166421759263721,-0.250260716616396,0.0750025378783099,0.093371650363839,-0.12164322893263399
-0.9788850038576709,-0.0775878041018891,-0.246611048257551,-0.5333335058972349,0.0803218998284097,0.161991356193105
-0.32720673715559,-0.6146456886891128,-1.00257687148496,-0.5443254729474499,0.19565111890423498,0.349355390105864
0.0696446785329324,-0.228870419329234,-0.40163966433228404,-0.617008367407583,0.129500296830475,-0.810682161102673
0.287577408303081,-0.238831334931463,-0.44364324616058903,-0.554313647875224,-0.176557417254526,0.0283355548679389
0.441928238600727,-0.426572492211165,-0.0719207328714586,-0.13128111479382099,0.110195416908297,-0.518830237030517
0.0231057303281606,0.157617497570538,0.694905835411066,-0.537718521779382,-0.499490294012409,0.209176193097765
-0.253433259111363,-0.207317019449571,-0.508457337666,-0.441641087023975,-0.29080067199494497,-0.471472672170513
-0.13803176395879999,0.0566858222366267,-0.22391745955196699,-0.364275500374868,0.0251749907897434,-0.00337185115042773
-0.509808857495484,0.014907255106303,-0.420034926292317,0.3428707559984,-0.463070037333178,-0.7919565064168821
-0.0378802851149567,-1.26916536732227,-0.6775095887247329,0.3023091253235,-0.30816373694384497,0.24881652285027697
-0.43726308200861497,-0.11925774015160902,-0.555839953889058,-0.7197512104735699,-0.4436713475162029,-0.14321842934451698
-0.130601266475609,-0.520053907697515,-0.32119474034335305,-0.8962170449134499,-0.0580080083557377,-0.13619978160217502
0.6001307864218821,0.0598757674969146,-0.698835442263781,-0.0609599455678697,0.586350603295562,-0.21927879392975
-0.19055913100888897,-0.314205202463973,0.0725750761529773,-0.610095624684842,-0.136216385149485,-0.36742216522062304
0.0839247996594499,-0.389173684644097,-0.600491393393523,0.0992529013095806,-0.735819035391206,0.7109585526284321
-0.0716510818095862,-0.5377285734448761,-0.246553932030349,-0.5578682892232989,0.537390390833586,-0.167121796949865
0.606636036523431,-0.542855770918919,-0.214978422794426,-0.0659618185884977,0.215145059308409,0.21090143381454698
0.9977223644020391,-0.0266663419026495,-0.454359338013117,0.153631790553061,-0.450293445084506,-0.7193087045654499
0.47289981178025,-0.358315462263318,-0.32686527653909003,0.85360858589249,-0.25683311047423,0.0322709911028846
0.0352657939175019,-1.27763870643744,-0.906795956052288,-1.26101115371648,0.0201110688448723,0.72960009776472
-1.04961784534416,0.14136425043508802,0.30268800354867,-0.634300109853671,-0.9594689445683041,-0.277834325820516
0.0249937190752965,-0.105370022056078,0.0730623947757725,-0.25632522304822897,0.41560817200188205,0.205967457657713
-0.633625373120221,-0.368034151198918,-0.198905110660524,0.14119095234111498,0.157400973296981,-0.278609316596586
-0.0410898268922312,-0.399228588874973,0.297677766060508,-0.36329606349947297,0.229301678765463,0.27682648380697494
0.444599879811183,-0.9472399571073828,-0.12483703968264001,0.130608128963527,0.529223680334662,0.6319259068261429
-0.43014293922791497,-0.105274863636989,0.0177857450605127,-0.367288813742955,-0.351751020185536,0.20508894377038603
0.642210369838975,-0.0214878630558865,-0.16973152113166,0.209625919608983,-1.0569579980066,1.11410622822013
1.26285319939827,-0.20031382183589605,-0.289785132447122,-0.628507248521305,0.0807422888417444,0.35234492321997396
0.604328925622163,1.0243352163455501,-0.0350873571724769,-0.387260230814593,0.11013951561879301,0.751400963827556
0.0590550788243787,-0.7947043950140551,-0.8211837686230742,3.4807630347849603,0.0256871297342119,0.7210971993846959
0.8150534778635441,0.10435827681623301,-0.0036568817657212102,-0.0299889068824181,-0.709261938012909,-0.584939381650478
-0.421446614398375,-0.770247261022341,0.114113403026374,-0.0766961946242677,0.0016965456039855099,-0.0227799969081123
0.0279172789799927,-0.0602375791089531,-0.36443053690357496,0.0723237766372565,-0.17931830154041,0.0239721798024703
-0.44924921196589396,0.38032227391703205,0.22213092020571898,-0.587360060210426,-0.0402324777533411,-0.47272490210866996
-0.7063518646977879,0.19990849519124898,0.106995190277524,0.18733391061001603,-0.36403938674683295,0.0664181001366105
-0.0318147472659243,-0.22604789060937197,1.12219880885273,0.0265876121236018,-0.152112322739321,0.366850989148984
-0.0465541388331744,-1.12507136844425,-0.585389698106506,-0.244999101577385,0.29799302474683004,-0.17103812404695998
0.0103574625115809,-0.0175668517386488,-0.4827795172636671,-0.6513922391452839,0.27084895438852696,0.122812298916121
0.297246626207568,-0.29262544041820804,-0.6797038442932011,0.533822788799754,0.1232606711998,0.410773928532366
0.25003300872459,0.00408607619314347,-0.961756323740922,-0.779018090474276,0.319144973298904,0.15321005493068302
-0.40864955451680296,-0.749853246246943,-0.5857724006243901,-0.576902868097553,-0.2317199699545,0.103537256827375
-0.514791559107932,-0.5752147961999909,-0.7479996265364449,-0.9429140668339001,0.0723937273262763,0.21222180627938003
0.32748778521229305,-0.0505779208994226,0.52682265270691,-0.0654242189931571,-0.31086827534361305,-0.136440936174288
-0.32984428523163,-0.143057272545664,-0.29900701728691803,0.0288694184817254,0.934552915687974,-0.40365481376909895
0.173474935166943,0.387939945008512,-0.140903375057879,0.0116622481573908,-0.268327903825615,-0.463873143610759
-0.474243322011187,0.10553234061904902,-0.0247923272353897,-0.46189099836918895,0.746831324525071,0.0360027520166508
-0.328321355202367,-0.17415122353856102,-0.47571414074209206,-0.39974064458286895,-0.227441029072117,0.346552527202463
-0.329232168123828,-0.615642987060663,-0.0417668367344451,0.581726564325137,-0.375517610141862,-0.0708824766340098
0.22493891928415102,-0.6137290746536159,-0.79496480772302,1.13755130329347,0.12079734370740701,0.728497734280501
0.227728608865034,-0.452366837181511,-0.769183290792962,0.29710092940328003,0.38666820824117604,0.125155524220829
0.4726226206131,-0.40250964884011403,0.0347635583492449,0.0173164197758351,0.253843026991381,-0.39965692139516396
0.22814849150884803,-0.254938287980832,0.20726135491667497,-0.163819021486936,-0.0067026343302941,0.0590018671056126
-0.10675956770332001,0.043629489690083005,-0.48155059602184996,0.0576082878642587,0.0274044015892596,-0.7304729171469321
0.41712775213061604,0.135392565094152,-0.0349918691539046,-0.330310770541748,3.3402783200831903,-0.0289967038996997
0.0517359619223742,0.391833014205555,0.37485907782018796,-0.5300548161814679,3.1472540760734202,2.9216417313139504
0.19291964147499804,-0.0926713159058279,-0.0818170311506231,-0.359185724150471,3.03650111516144,3.17667286961066
-0.104980179592252,0.21847646752781302,-0.440457671673104,-0.8473796350186821,-0.281466028253388,3.21385873437958
0.13393307838670002,-0.232099645639148,0.10874637160640199,0.0366613446188004,-0.34977969139974996,0.375658916080369
-0.151234325228588,-0.424727554492033,0.339748589763197,-0.218281501401573,3.7664688626274705,3.25239438663006
-0.0497386202525678,-0.48428501936145096,0.24050373143707202,-0.0873137203707469,2.8767346347629905,-0.23463705688261396
3.93818629110372,-0.5414162041033279,-0.0918245994967856,0.15407829340938697,0.18005527441341798,-0.59549634974325
-0.824025803286713,-0.526345918431268,0.009147778633821659,-0.111481134272661,3.10343168971536,0.13320878599058197
-0.397669141512956,-0.125431442781831,1.0736007269596501,-0.250115719375869,-0.315181454500814,3.65056701978773
3.30452209071301,-0.36054752936385703,-0.42903592875621205,-0.283210719433782,-0.35633768005139904,-0.453302876358766
-0.121473719695447,-0.7463598335571819,-0.0614337125646345,0.0205391144279988,-0.535334944960364,3.1060806486187897
3.1924149183159303,-0.32233740316985304,-0.238367309415281,0.20194893675714198,-0.37318249428298206,3.7717404558433394
3.20193804967858,0.010558036598991998,-0.269544645511391,-0.666705661785865,-0.5789841260902371,0.150873072778604
-0.188736167334914,0.26992107229576,0.0413975387268061,-0.471027989205047,0.274612276185774,0.519646674700687
-0.513310002729933,0.18583458697817395,-0.564501412927338,0.171883540653339,-0.15148784689709102,0.102680682992024
-0.14006110138414202,-0.6078389086601489,-0.478888625011224,3.27778997082543,-0.5599802336488829,0.13290900270822698
1.3838278563523603,-0.24825112238834698,-0.528856686819092,2.4534010823824906,0.44789034587440996,-0.0562352687868343
-0.28714890100651896,0.23707853981600602,0.10932719471415199,0.0239011239905415,0.186668658795713,0.43820248102290293
0.190485406916717,-0.0624664046269534,-0.15317448108981302,3.29799325029231,-0.142837025534703,0.204230851715121
-0.28015664616039304,-0.44559760767174394,0.43948954640712895,-0.564966827689444,-0.24056433476186104,-0.480108003769904
3.64737929138277,0.0533427750514239,0.14794579684421,-0.591519757532181,-0.117711378094172,0.0134403577474065
0.383110067648106,-0.5166453768601661,0.43877222610192107,-0.40992335536724,0.284834524401864,-0.0361555208505093
-0.43142398776199603,2.9026252263330097,3.24030862315854,-0.007127451187744271,0.314132245755938,0.6100608002637989
-1.2078964288041698,-0.342719713105493,-0.436790964162926,3.34345587813438,-0.636172106748543,0.0069527392001472
-0.442377421517115,-0.11410797712482199,-0.329786048628241,3.19193662775563,-0.226394834845455,-0.239064019082591
0.098204602904033,3.0177941138046003,0.349621620419628,3.2029472821876097,-0.44537314417137297,0.191855565897413
-0.7873230884198891,-0.5493135502051559,3.4204171825465397,-0.40005316509237104,-0.0649179402928489,0.309697852496175
0.0559066469593956,-0.534143924768451,3.4109754913044306,3.11079968363221,-0.45659150287851097,-0.469557670327663
0.278098752578552,2.86987013005149,0.32782596684449394,-0.252800117433435,0.388780134370891,-0.21957495616284303
1.27527534733838,-0.125840281620062,0.0174346231797156,0.14576123653001002,-0.21043060948605802,-0.043842708273013994
-0.5533772112217851,-0.0043663463035237,0.28541451825125,-0.313846300649663,-0.76912943344489,0.437706258109871
-0.0628582431812689,-0.526299023884084,0.0792112182595636,-0.290440002376833,-0.137393449470016,0.26036372799734697
0.0606184939872294,0.0881448699957,0.404019458230637,-0.0315991178950593,0.6935408446913691,0.7300968877567141
-0.264861471169462,-0.46100563085342494,3.46245765328108,-0.38993790358362196,-0.9127237821038342,0.14515520065429
-0.455779393511132,-0.200098490881758,3.4204171825465397,0.462464707194947,0.0072673082698912796,0.29515756945264804
0.00298190577996649,0.28786353154981104,-0.0300126443938672,-0.073907660884134,0.125054810772318,-0.38871636684913596
-0.0232188329809782,-0.273810386882678,-0.0107001626069649,-0.577176235580427,0.135635642636943,0.179268158101913
-0.102522656017744,-0.0534046739996099,-0.6884833289186228,-0.339005035886553,-0.0558331141686235,-1.07135295913623
-0.031491140406977,-1.00896550729489,0.181141534801847,-0.35706566614814506,-0.20485561648541603,-0.14261689540451902
1.57385654454074,0.17965223266771202,0.253081128275307,0.21701526381171302,0.98481486548459,-1.04404519760898
0.731428694943376,-0.0856101192625756,0.9177947244800692,-0.467957315145199,-0.0614004912496513,0.685548562216171
0.00669289137580542,-0.246347636783092,0.658888018769388,0.282619794481993,-0.180384714653068,-0.136584536243542
-0.9870698661492379,-0.0563390502469131,0.485427219057741,0.305852382665866,-0.28372599556899,-0.27578952687778197
-0.719555811091861,-0.0753495397450984,-0.4922258429217,0.12227273552062,0.0791773580873228,0.20114934650444397
-0.206348786169383,0.13073131369044802,0.15720459236718898,-0.33510759608583696,0.456688681164698,0.34454248187130293
-0.610084827069763,-0.49297683059584496,0.0817324594729313,0.253426722388351,0.0931583829973406,-0.12703273181133198
0.503537187639303,-0.0441485696545968,-0.303847502060364,0.19972243695323103,-0.537633893021747,-0.0692740959519769
0.0360004312975596,-0.121584208102341,-0.654997904239593,-0.0207509560336848,3.42878074432257,-0.0291848791548794
-0.26571828933069397,0.192485103902682,-0.7372111203743359,-0.131352497617451,-0.12461178327278301,-0.0191453942880798
-0.0918892145373983,-0.30758791356362297,0.44231818135189294,-0.5341820733774929,-0.287114873891687,-0.297153905793584
0.152898786889273,-0.456511333903302,0.329087964323391,-0.0996033987929859,-0.429892504415526,-0.0480642178452065
-0.9709118334707489,0.33065699983807,0.8212416328269159,0.6485099409294761,0.16670964005732,0.34208624857752695
-0.9556463501056841,-0.46336213328626097,0.00693601617305482,1.07687744132761,0.0965201908257157,0.7202209639285841
-0.125982923573159,0.29622296318537605,0.0815379048994381,-0.307905160139219,0.129810172291448,1.0324251143329901
-0.367698641679079,-0.283567836252227,-0.31273983784970505,-0.187693853532232,-0.104565908224099,0.39322161917185405
0.0261585101131163,0.0960989628967312,-0.452966046363302,0.556216953259259,0.0853070016166524,0.149676670860995
0.41593940988209904,0.268313360475455,-0.752951965220415,0.0960277942654724,-0.353787218849612,-0.37495455865313
0.0102131166701637,0.732056847084338,0.10259982638994,0.31039418743373,-0.5906503929433571,0.31361820270668
0.0420503504892134,-0.34715582883027,-0.0575252708590078,0.169698337957749,-0.0839339743041663,0.26112178388694196
-0.421171311505543,-0.0313318782436716,0.0248263630988588,0.34024571365309997,0.0608276839584357,-0.25897236855008104
-0.0667121133484664,0.6124787735683921,0.0744779575415367,-0.549055006712905,-0.335953757326527,0.219315438784462
-0.487962531065742,-0.26572977375995005,0.184618969491285,-0.860652438157717,0.47763961565321505,-0.0726974572941047
0.590411405784234,-0.7176978597442449,-1.28926663628264,0.173999643320138,0.62287946286768,0.46336286619580896
-0.42881471791611603,0.45240048203578204,0.0216559226166776,-0.7283090954741379,1.02808571388403,0.0871934720268089
0.0372674237792643,-0.453872793907683,-0.10023144823819502,0.21512602168400696,0.81084571947988,0.120851009737571
0.684451828225771,-0.8299524813377801,0.175193945560971,0.162664488341047,0.43223482408618896,1.0056836344964
0.24028766987825603,0.40183664852239503,0.11751868614934599,-0.0767625520347461,-0.318392736596864,0.827525540264899
0.3942484640634771,0.472376645709915,-0.9194445969353101,0.0932713981424113,0.514471124254516,0.529563441050939
-0.10873630500548198,-0.43260734480488205,0.32734575941035304,-0.899146211554436,0.302583821520808,0.9568892935010129
-0.6817519975373051,-0.364687256237011,0.334184130280394,0.294560563772716,0.25816123546769704,-0.318252549877154
0.617458025323504,-0.154100440011199,0.15810818748022598,-0.121569441855481,0.382675398693555,-0.0562731599550626
0.45221469968342104,0.29360134432829305,-0.17632068240796,-0.5539227306615949,0.308582937566293,-0.0619545174113242
-0.0622093613261527,0.0475318305379253,-0.135184166535449,-0.159380950688281,0.136277099444768,-0.11696405637558802
0.6535820431493891,-0.977054362706902,-0.639742488326714,-0.0824137001481991,0.0135004993314871,0.6010733220609829
1.13621856597012,0.389275173285705,-0.115509088253864,-0.323544191669095,-0.261563376410574,-0.142326812114952
-0.43921644821839506,-0.0279665077166331,0.20505548631258105,-0.0542845876404236,0.255919783138355,0.187635602630822
-0.695940274062933,0.29718209109001503,0.38626449451633504,-0.0777749932762386,-0.25101293274607894,-0.0947668443006891
0.334520626092971,0.281905182864419,0.23420211774157104,-0.0290449094651379,0.0527286534925492,0.220517583313721
-0.298978467028665,0.0673235056419425,0.42167806228377797,0.265776591903875,0.174743338018586,0.44290972657163896
-0.0018127301053025302,-0.464406406597998,-0.0768491909138883,-0.278978219765553,0.571439141357929,-0.042631452464908
-0.154683574858419,0.219071366330156,-0.16597126738220802,0.9225615867838621,-0.40089062874692405,0.13851304792358599
0.0944313915363234,-0.13169734391062698,-0.21635051730216198,0.7820804839804399,0.23570790780585996,0.26215690330185504
0.0707795042593497,-0.21881099912909602,0.0398211864029534,0.452859447899639,0.201904265518125,-0.0538823128780471
0.11850756030457302,-0.0942296919463509,0.0680291669403584,-0.173985980176742,0.224419529569839,-0.5498228270641851
-0.11945848407544502,-0.141905135930224,-0.496981841053026,0.47532350009646507,4.02372709889211,0.11556081557721698
0.26643975089065897,-0.0380721876584201,-0.41563462658568606,0.0573893509358341,0.0656630557618948,0.43987658413779207
0.327648654527046,-0.17953888340865,0.6898245987365301,0.10261982327739098,-0.214272147330517,0.0269906169941675
0.24171240848478,0.7174312863563509,-0.137587560940814,-0.29695430663862393,-0.4611634977316029,0.380993888623026
0.108722433976471,-0.17127083664395298,0.0810586137231776,0.262696540589138,-0.14350141501478,0.585611590217099
-0.036207786833836,-0.170333838443482,0.19739522834344397,0.4336729965623621,-0.32427276175365505,0.3020027047768761
0.22033952743952803,0.13879378028295,-0.581417117003709,-0.234056739862416,3.2595818620035804,0.74872862685798
0.208816152155088,0.8591114659399242,0.488211017533186,0.31256655197760397,-0.27107354511982695,3.41550357396802
0.011357069945883997,0.7846339668093241,-0.8428971489896929,0.19365154984097196,3.2595818620035804,0.0844757974815069
-0.312407757808057,0.524582205608484,0.564760586393211,0.122959072387334,3.26736218042743,0.357211971389183
-0.68816029526443,0.748316974551183,0.78404450096932,-0.304147283716669,3.27940119142156,0.101450452294997
-0.0229613850041233,0.9616733312517131,0.470963018356953,-0.185445234153945,0.0330432515057325,3.14842586249942
0.374305823239605,-0.318191442617966,0.215692293560567,-0.0660976117505528,0.313891841045159,3.42888228482822
0.492098601042905,-0.737799522056693,0.316450512121313,-0.12100723319208,1.24991239285421,3.34335811449973
0.36428100762971,0.974435260119593,0.4951577735671379,0.325727106499039,0.130001376203882,3.45946290260229
0.00793172608764409,-0.7863326425549508,0.706056064557199,-0.05318708561766599,0.0557843644114091,3.18097116779423
0.33160692774214895,0.00807642716855814,-0.6136788730012329,-0.283058682192347,3.2175030360395,-0.0764097533265483
0.506487556804109,-0.173349116446489,0.0188825033244692,-0.0744611376033557,3.37704117411394,-0.101153172407101
3.40798804058385,-0.8323904793619742,0.19769521793206196,1.1887923698247098,0.0496329552762787,-0.167299824953932
0.27826327038939397,-0.0369515297646982,-0.22922176650953602,0.5418713553390561,-0.121152462262042,0.173414066111346
-0.185767440450278,0.24948474313643304,-0.0807275512749061,0.3922789263773321,0.0105369381668995,3.2156154427110297
3.42843449785407,0.299735475850068,-1.1695339825260902,0.21293728485174002,0.286843552603058,0.376647013121975
3.36891271355164,0.22337157107843897,0.629494732399071,-0.277848501193312,0.6347333684897409,0.27561067462312894
4.20282467858566,-0.132208976070989,-0.27615500598741805,-0.17722884231100197,-0.3463408576567589,-0.144014743536896
-0.0696412257043039,-0.171179314264438,0.20355153284799804,3.43109929282655,-0.15582876244659902,0.0625902708791381
-0.206636676828255,-0.0525276061605221,-0.0142119024842214,-0.330188993246612,-0.186320455606995,-0.5309196127986889
-0.49115370242985396,-0.295340754900549,-0.62392981815379,0.449793397314995,-0.311146874006614,-0.537863037546765
0.41308969606377105,0.0456762644222532,-0.202928186844229,-0.5507171819696259,0.017221265554088,-0.199054004897842
-0.341275008982034,0.11559074823459,-0.9597002947252429,-0.6174283273805141,-0.24812777281183201,-0.24288267402473201
0.15050263393265803,-0.19397908071186104,-0.0898910030292858,-0.22694217977015801,-0.513610824592126,-0.290560035336273
-0.617309577243937,-0.0318568548147244,-0.0791953816777329,-0.24720770284233898,-0.293338006374498,-0.74722701874634
-0.112194038896526,-0.145985258418698,0.0467184532208259,-0.5736667283015,-0.13887662305584303,0.45170617627028004
0.11119719640335601,0.307663214672618,0.758604365919822,-0.0956825233832003,-0.663334861491139,-0.12997669875430198
-0.43135718324469297,0.261716508250897,3.3557199143271803,3.61847830724267,0.389992810918155,0.0552837256905771
-0.447909375713167,-0.0469590098510482,-0.9156428121524259,-0.24323433403224104,-0.568005975165491,0.0159912572051842
0.506867194464427,0.0513882811239779,-0.5589493206112081,3.96103830640612,-0.677527465587789,0.408095398322484
-0.23711343778196498,-0.2171613361053,-0.42359509108343196,0.32387682351038105,0.23778478015829,0.005981403630276221
-0.46153333102395,-0.6925602971236059,3.6060058380579196,3.8714569380150596,-0.0449044235232718,-0.42825905687793503
-1.6049144282921999,3.33557116114205,0.37122587787863104,0.0814779962623954,0.7952507536297071,-0.254090915282979
0.508982766308993,-0.13141733935458197,-0.552371589197686,-0.257868057573267,0.188569965715339,0.27786740038487
-0.925784123044683,-0.331279958091475,3.31802410179972,-0.389427974915734,-0.31998255802299397,-0.23256957422112803
1.04898243347447,0.18576093230155,2.99415287772188,-0.537343375897198,-0.44804631246929205,-0.096664717664917
-0.502538042847132,-0.12793637783727302,0.11414033372062199,-0.550371811751064,0.0621126864569388,0.347063232069156
-0.6344995036349449,0.316774937961456,0.0189695820133962,0.39646186264716604,0.141021604629806,0.0715767913685583
-1.12189396559351,3.30267053734819,-0.505261593480673,-0.487986533848995,-0.37498060925663,0.3829946568330321
0.31293664370177504,3.4298223536673498,0.0253122382268369,0.730427029753907,-0.27238982624020897,-0.500224054418423
0.081207216276502,3.15727506464692,-0.6724214085886501,-0.163222722505094,0.0487090622422284,-0.688039855199698
0.27955019480592896,-0.259764279954315,-1.0561716005180999,0.48551659169926703,-0.6608236793958621,0.0109096137560117
-0.22264503706144798,0.49337041973540396,0.712283491087128,-1.2907549024823002,-1.2563959030294398,-0.672773154968296
-0.5775572121401071,0.46370448093107797,-0.29944174695854,0.13551427597930002,0.229303227139186,-0.0969849694912816
-0.11431384013675999,3.7421867687990296,-0.7517553960639509,-0.49341311681559796,-0.6705699789443729,0.578413443753551
-0.9165805809899291,3.09243809107628,-0.9094411000987009,0.416610422245951,-0.313232564777199,0.377618295265883
-1.33491590758904,3.1035570508734196,-0.272060416393061,1.21544828502962,-0.5139431350801771,0.150645487658379
-0.128731796918846,-0.48585764572218104,-0.0785804876410107,0.203165683155389,-0.31484129944059397,0.0914221759193541
0.4001029215350129,-1.06334498730817,-0.31628652025365,-0.174014013810388,0.37755200014454404,-0.0762639236104983
-0.41056558606024696,-0.15472940684406,-0.223036391054502,-0.609636096453584,-0.721368697882998,-0.32571980158145597
-0.7532602152860741,-0.631390275505853,-0.245416343393245,-0.622021421814272,-0.272584398683462,0.87973884393171
-1.30647993251903,-0.45680648377305105,-0.572082114287735,-0.078219535455744,-0.31865818037117305,-0.293704530873456
-0.298866338689919,-0.194499456221346,-0.6748696647659621,-0.0833716666006771,-0.281756829582152,-0.549600818418604
0.491693366061868,-0.332990160803252,-0.111589708508183,0.32598233808420396,-1.0719082752817801,0.452136171279482
-0.33592664836281,0.0989856557816761,-0.7860820401874329,-0.34683973079686103,-0.22361405474758103,-0.0689435776869876
0.18329551247085002,-0.503822659815061,0.162209746450522,-0.16702777816762301,-0.8176149768631609,-0.0195631756808989
-0.8781144675324459,-0.00759125311678967,-1.05888488182016,-0.337072879693235,0.506420977482586,-0.615724021278754
0.65549444574805,0.0262181908440126,-1.5537311723645901,-0.18961453295524303,-0.0446469029317458,-0.87861972118911
-0.517911834456033,-0.343841874328686,-0.8773499699656708,0.246967695895183,-0.893799204572068,-0.555457896179626
-0.7844297662502829,-0.416880713987975,-0.24214526635078895,-0.23922180878178398,-0.0942927376472261,3.4096346727940396
-0.972634531569882,-0.508737779492353,-0.6330642982284761,0.285510103644588,-0.072176705767273,-0.38948404985714297
-0.776081443286909,0.223287648488703,-0.613518006395565,-0.12690104217797898,-0.0034551994809328603,0.32828748019444104
-0.986639219868692,-0.112078707402413,-0.7514752345416421,-0.291450623077664,-0.113173208297337,0.0628051708204923
-0.36142547678212894,0.4880090321526261,-0.47342042311943394,-0.249077091937432,0.0601762672998594,-0.6816875751844661
-0.344885381167408,-0.24091834940388396,-0.260869697735202,-0.158468069808848,0.340348028354406,0.420026680918831
-0.706795749724755,-0.0175667774604179,0.0978702191548283,-0.7768098265996609,-0.540118457736936,0.0475609334303966
-0.33339211363578003,0.0726724718474449,-0.143748111603155,0.477893937531984,0.0703381082512557,-0.15227338500811402
-0.493405195595505,-0.153421872844933,0.35462940719892205,-0.15329122895379999,-0.0950366336691851,-0.27424591942775195
-0.0143128256411129,0.109203955207768,-0.342927499702546,-0.933167936062069,-0.38455856151109097,-1.09650533359756
-0.997092160788841,0.07561282353230299,0.569548515005589,-0.37337123751984796,0.0882482249350564,0.13357211478008196
0.31804381394281395,0.421668950080698,-0.7443870511284221,-0.564233359734999,-0.52038630368496,-0.499003706286738
0.0131179212274353,0.31387741706954103,-0.19423698536334696,0.40123115979778795,-0.197909341708206,-0.034720826904524
-0.686410667427958,0.0225213972641817,-0.41624041461769895,-0.36789459881022496,-0.493481852312325,0.36372671493489206
-0.510558827180371,-0.646900574524105,-0.0897244334064026,-1.1359883174498,-0.140051010991661,-0.11656407518873
0.187704850152017,-0.09125782690883501,-0.0772811224418853,0.19110429426453698,0.276760308136514,0.457371008741273
0.6200564986390539,-0.30466912527669604,-0.6925243522198621,0.213519496347837,-0.380371908897361,0.6835974736541851
0.760220292772845,-0.246242394688472,-0.580091298826289,0.4833595595709939,0.0112950716843076,-0.22380110611443602
-0.616403123065014,-0.7052472187807719,-0.6615190892718521,0.0909839968974203,-0.12950841594884402,-0.536196455524588
0.638256084888178,-0.0895476392362988,0.143566925422006,0.0446940631785943,-0.0864090499355074,-0.19488658706307999
-0.8321351292756399,0.110416941520717,-0.6863722759817429,0.0521303663525153,0.19747530161645302,0.0151536891781172
-0.5632408087835269,-0.74076087523754,-0.31495587367200895,-0.349107138461081,-0.418909541261168,-0.0972170335975353
1.1229005889114498,-0.39503584567914596,-0.0580280816761323,-0.4046196145541421,-0.728026818976565,0.9273262287543019
-0.56413402116926,0.0866689525593151,-0.879365500354787,0.0707527805486327,0.403222270015718,0.526162993216426
0.589850694367553,-0.17836998286144504,-1.7262472377365499,-0.155176176347635,0.00334186578390223,1.12008949331627
0.2078075122984,-0.14878986242660097,0.0892892016704395,0.0916988015021906,-0.308423577524105,1.2398979954591
0.5424941707182009,-0.313466963921148,-0.467517339234603,-0.0045657823116207205,-0.0881510316349864,0.116626766525464
0.7220679634864541,0.156449323192849,-0.553229988401061,-0.21975841359401602,-0.406230799072695,-0.0549556611025437
0.00410386265270207,0.210935288321725,-0.722776513189651,0.287806488784303,0.46813514078959495,0.857580333714995
-1.12443411283009,-0.8173124235755649,-0.148824839605349,-0.00621368896300148,0.621430351469273,0.7533280320881329
-1.07858256764567,0.16678811859019402,-0.521272667685867,0.512569749024502,2.74629424378633,-0.0245865474467839
0.18076294588502897,-0.5646173728389611,-0.19288394802582898,0.0726496638761504,-0.20922442722074802,-0.05525449085283
-0.16895383984565998,-0.8332061106659591,-0.55060030308249,0.3394434816400769,-0.0306541618371907,0.354551095289038
-0.23873712246721598,0.726400769437206,0.163603317907237,-0.137710853624626,-0.12185152550177698,0.265854731087046
-0.583226513823336,0.32538287863073,-0.0884412966486917,-0.10378281723416301,-0.233211308495214,-0.48060438679144
-1.15880519959097,-0.25778433422226804,-0.11297183566288699,-0.15512041365732002,-0.682315576734222,0.0140581342802347
0.0997593394779422,0.468875963501631,-1.25842311703118,0.0048496735447007,0.137901785583176,-0.161433812566694
-0.0229258354658525,-0.0581668706830189,0.23506055153232197,-0.10946163224327499,-0.0184359575967862,0.22028595580539498
-0.39997603848849295,-0.23199980925864896,-0.67184208815831,0.46730378869584294,0.14112403733883702,0.151459640887811
-0.8140555965030349,0.558763598444459,-0.7598606088369879,-0.6690491374652329,3.02285019161102,0.144911891768703
0.18170574372947199,-0.7465936447993141,-1.12540924129594,-0.74752963536696,3.01577114074829,-0.0270375865965983
-0.13626990557885402,-0.24202462586467496,0.17436941548603,-0.19833190154161398,-0.26613945041670395,-0.19858873142118103
0.143830490303954,-0.6846648389201979,0.41559419293953503,-0.0409174945842861,0.0683279532098939,-0.581226120557372
-0.0979922450475198,-0.6094209364933381,0.8600969614331329,0.328486564387939,-0.24345843786198298,-0.37116082339382894
-0.504969430087176,-0.186596980057072,-0.780761498464137,0.4394330745463879,0.21858065084142897,-0.0879421188876449
-0.0452748589709847,0.20525015601278399,-0.309391835897329,0.57545261118074,-0.370717892622915,-0.395514320086724
0.26649892435477,0.5227928481849551,-0.488317826285808,-0.202855466160254,0.0005265899354877089,-0.27858524299771004
0.362966491041656,-0.713655524804527,-1.1683326858298402,-0.102231601924929,-1.07889611178482,0.0284846269935602
0.0544787999862436,-0.173506341420324,-0.41679096116776293,0.0347026058478408,-0.234609448188807,0.20667055168230203
-0.6494668074158659,-0.0391190977449762,-0.0417813255031967,0.38614494688639095,-0.503542114127822,0.343495875340337
-0.37819872051792397,-0.0372096446302352,-0.250094441404799,0.19525308715733,-0.18592649035956402,-0.0891342043144457
2.9477945025497205,-0.37823282390506996,-0.101367488681331,3.3235086791447204,-0.39389504635314204,2.47549098099688
3.1540331336819905,0.0265077705063966,-0.0679932336149801,-0.5453756009768871,-0.9053095153086039,-0.46461213794832795
3.1118593343306498,-0.808280522897452,-0.167072229369827,0.14234125752910998,-0.339814096344,-0.0176628279210473
-0.349072206093168,-0.0258654877969584,-0.25837994422109,0.0163682415871851,0.22489047445755803,3.1490974340881603
3.22347636009983,0.19998156551743998,-0.255008369397801,3.4500940612873197,-0.181946474893885,-0.22607646116193697
3.13227644702816,0.642548390100961,-0.38774113456077897,3.52559620501591,-0.688871620147022,3.25041851310852
-0.0748656971813427,-0.35874571555193796,-0.3614273834258,3.3238417676683802,0.0598992308126703,-0.27388128182915
-0.7825979622742779,0.9642440393106371,-0.9608608070530391,-0.0828933044226096,-0.281220450372276,-0.10409384334200801
1.07961372791106,3.03307650104265,3.11009587651755,0.17505520123343402,-0.24694983240370103,3.20959979532723
2.81566761034104,0.0744875686998792,-0.8670895910910699,0.24583578903125602,-0.295472102362427,2.7309053085036004
0.138413257388376,1.1838195886313898,-0.639599518367361,-0.23806324051844602,-0.6558220092546191,-0.392108932891082
-0.853268821341022,3.94377334718663,-0.6103402564802379,3.33978046313327,-0.581147845614131,-0.19435822393872898
-0.4438339831806579,-0.163057791024087,0.200419081477863,3.54611628328893,-0.660834280027989,3.799130218804
-1.1034379578766,-0.266678150459168,0.31843352034144895,2.5799727570029702,0.103265141039865,-0.0494538622800258
-0.802268727315607,0.142471809937164,0.12697648697874,0.197056063524124,0.12179593546093302,0.3525016452181429
-0.657794652709808,-0.178290508878317,-0.39537680128773206,-0.0980374285171372,0.272235519546308,-0.45939951901653997
-0.70400470755826,-0.20108502358189,-0.36107553435307005,-1.13274022833147,-0.566731390903355,-1.07437520043868
-1.14592843672869,0.17662304960323397,-0.6712730259882,0.0368544536630398,0.20003047989458497,-0.5509281737694829
0.160788083580725,3.06238501068885,2.8415670171321703,-0.538031864573566,-0.11372121435007698,-0.19922860829920802
-0.503083464826403,3.2270609542088,-0.273415126051877,-0.563038577996657,-0.409412172724508,0.139112261147684
-0.254085645211356,2.92261929812837,-0.15560610414179402,-1.18797708124129,-0.23238295016713298,-0.6465914382823941
-1.33880322128108,2.87840651618267,-0.854441549598763,-0.8086072445386279,-1.0912276475018599,-0.8119722178783759
-0.0997670251663031,2.92261929812837,-0.846939765656526,-0.56291478574176,-0.38937352343237497,0.30766071118349103
-0.168456702204481,3.99017631998353,-0.5660974654584809,0.278730325213989,-0.864799670087509,-0.22417034273430197
-0.173930708954251,-0.0243541358889223,-0.23053439379926202,-0.37063238635643897,-0.6636136032009611,-0.800718846268595
-0.7264147504046229,-0.424110956926174,0.266459914606157,-0.949510253758498,-0.995816307423307,-0.484413711134741
-0.975754981073928,-0.8748095971463409,-0.0272684554997384,-0.37251402074055,-0.5927416635786371,-0.8926413072588959
-0.399126561527288,-0.224626309725504,0.41213790080345797,-0.691519174710665,-0.533521122389464,0.506394783106111
-1.18322026186119,-0.9417621656153778,-0.467672131389569,-0.228691945127212,-0.30923266185689,-1.02155341884429
-1.18883534950715,0.14218041291785902,-0.125573201084482,-0.544517732697309,-0.19850000869820397,-0.8806147610126859
-1.30180924855731,3.8705949887823796,-1.1062832462718002,-0.6616347631775059,-0.28610324902130896,0.12165257523476901
-0.665567350931934,-0.729399066925535,-1.1798959441586498,-1.10734007830873,-0.6984691532159499,0.226744098021696
-0.30701023020321505,-0.303128585320714,-0.19579054224513395,-0.9630524787783392,-0.632124762702753,-0.56193938909498
-0.38811674749494,-0.15257365500412,-0.74872503156813,-0.28101369836717,-0.138841393879936,0.0639744570925973
-0.8076394656937859,-1.06603053209772,-0.855807011920525,-0.826252858079772,-0.448197156545133,-0.42453897756786496
-0.47043194105265795,-0.0778128584117778,-0.924916823584761,-0.49768937078678205,-0.146891577409246,0.0025557424159197697
-0.9286627341411899,-0.00364016356553976,-1.00673661537287,-0.619417079836244,-0.606892383623401,-0.18023914895930998
-0.207377817933481,-0.7718555814057649,-0.10399428485565801,-0.334023559604096,-0.437061291540625,-0.5505969417566129
-0.102452065790026,-0.766946488226021,-0.446930259315933,-0.413947574228006,2.6811565918505402,0.0837733976563297
-0.16849742181406,-0.078971403560731,-0.6458076675536719,-0.5584614913768541,-0.393474285695349,-0.29266756043772696
-0.254338593106347,-0.38883388771105,-0.21026791735787304,-0.8303907424145809,-0.584476379150343,-0.73522936717649
-0.0739360219561198,-0.529793353996538,-0.579235499036707,-1.0671109047382399,-0.500171540488056,-0.682361656676151
-0.929234911635928,-0.694980371784364,-1.24167546074541,-0.615681152280174,-0.23437596818135198,-0.0893629157241573
-0.287045785046506,0.0523001559559689,-0.587673570048198,-0.6942900728305401,-0.121240909002169,-1.13353657345543
-0.636607752439153,-0.246540922753659,-0.6616389484541451,0.0824681583540533,-0.253046981376379,-0.298597575163665
-0.289402891625462,-0.875421176122832,-0.214947519977906,-0.243604823751911,-0.739804913081754,0.11153947214520199
-0.6288002162991471,-0.551638849083666,-0.6471158243472839,-0.273858993000308,-0.45211977107404,-0.07392937561059
-0.658839150882823,-0.853404017716155,0.122171912578033,-1.85068532045751,-0.10214713220756,-1.1769949230882
-0.32961140216355395,0.396588929736984,-0.0585256807996469,0.12726260122315,-0.667921712236991,-0.447300625181055
0.13262473579191497,-1.4013790696761599,-0.47142236234281504,-0.9773703458838481,-0.0723533414085576,-0.0836439307689287
-0.8587835515056971,-0.36134387917940103,-0.9875583471002759,0.0484449133995265,-0.585589970207692,-0.624614209585777
-0.47915070545346095,-0.38998559713989506,-1.2638883824153,-0.381791209370601,-0.38117424313751397,-0.0128279823880332
-0.656389685594165,-0.9688398750420191,-0.483855422509349,0.257392903015615,0.127792675012607,-0.615254910562
-0.252134077262093,-0.35292683582023704,0.216675307813672,-0.34185973778172096,-0.265454745576799,-1.31165775106955
-1.1635275998336498,-0.094601149752188,-1.33893447529422,-0.630841166309515,-0.6611016928115551,-0.696634438367985
-1.5132832516563899,-0.634516311055465,-0.141904487032645,-1.4377036705821398,-0.45975909116127706,-0.9266932599521491
-0.951776973276615,-0.6312425426360561,-0.465960810030964,-1.43836139917376,-0.818105723304134,-0.537904256075293
0.0981588398969282,-0.315833826752544,-1.06623993777889,-0.731998846615918,-0.0959561720620011,-0.547774236085077
-0.291212182334812,-1.08624474316517,-0.685584283208435,0.20192262973761202,-0.7431574306339179,-0.25320987027083397
-1.0152801432920302,-0.872313085269703,-1.08310048776845,-0.33743073972341603,-0.327986082536127,-0.286608136430615
-0.23422789937835897,-0.0750394235465267,-0.126601361982318,-0.632269217214723,-0.00244328329876597,-0.270538281357724
-0.654971766239376,-0.570629593218608,-0.25485881587326603,0.211478177661624,0.0287110567604574,-0.27164006674097696
-0.21604332771954504,-0.317202025242277,-0.3511206869933449,-0.42720170565722704,0.392021893700337,-0.9004010904751151
-1.0443774371521601,-1.3567331058702001,-0.561373203990199,-1.02851348559388,-0.7117803948392409,-0.209057595788925
0.30849782047886,-0.8427924359577259,-0.7690267277103159,-0.7072951620081508,-0.367581296477193,-0.42518033513576203
-1.52093736760376,-0.996579467567669,0.0998012764846387,-0.284584220785833,-0.915716686846346,0.41955133693628105
-0.22490773554574697,-0.576362579737546,0.22664716623379302,-0.149155879662833,-0.176110368642638,-0.215174136322276
0.24044556504679002,-0.750654515964237,-0.0174498714113708,-0.7413787335391171,-0.334658923717584,0.588593309053148
-0.16052397603011803,-0.463106054005204,-0.289968146858836,-0.382910968064192,-1.37798263443997,-0.504547214441804
0.213453220760912,-0.470915338517608,-0.0225605478027343,-0.19264951020822899,-0.523167146606555,-0.144561217600902
0.640401843197167,0.538878423590836,-0.0246640231451215,-0.346991560691754,-0.0766225934388364,-0.789212503020544
0.276153113647236,-0.83794135206654,-0.49028560879358596,-0.448694517220177,-0.30089602137854804,-0.8805492078538929
0.35127268747239,-0.28255109682728996,-0.0732001012311069,-0.9517010279703829,-0.37376344247594,-0.565101826965481
-0.200972622276225,-0.0045684218908903,-0.35145004776757693,-0.473323466180747,0.126917034177248,-0.45642348178454295
-0.210417834435166,0.0628848390640412,-0.39092428243429,-0.10871644811318401,-0.7720585384909608,-0.367176543990836
0.12286820563006598,-0.34422299374078497,-0.5869852356601,-0.8616137881826991,-0.160027162995087,0.13289674723523
-0.768794918659634,-0.46174633367698,-0.46273306609528003,0.16726027240192098,-0.016405947841071,0.216527391722215
-1.41044668407642,-0.48258718525184296,-0.181351196610474,0.145431360216641,-0.0778806153727155,-0.253620562555489
-1.35812359306472,-0.350171040547031,0.116951277311268,-0.252764520734303,-0.535907520314983,-0.228420411281655
-0.0717742234518906,-0.86140492797492,-0.262527332141864,0.282304928453391,-0.612547573571032,-0.508249606624636
0.248907816280462,-0.390172636978184,-0.00931292964194788,-0.6500093829730171,-0.31927337141717305,0.23833075766548997
-0.30904821344864103,-0.234460397993459,-0.10794480256144401,-0.180292147575573,-0.621994700690464,-0.0894362924226578
-0.456684879994755,-0.11582300212621001,-0.0527709393969467,-0.430703553697415,-0.418042081398565,-0.794285534084687
-0.0426832510165905,-0.6739323254404959,-0.893095860147433,-0.0919936893464214,0.0546480405983131,0.040679214075051
-0.21550971922421697,0.17746016808159698,-0.0586585776547718,-0.512318382059581,0.123055747169771,0.12464268777602303
0.284679895579861,-1.32776584073724,0.272168152857535,-0.624063548909317,0.060542375230102995,-0.0181024761995451
-0.0636620708524685,-1.2592516461562602,-0.8862456185722559,0.325847476042615,-0.6777834295904611,-0.291431542463286
0.381160242877033,-0.640411826052318,1.2664457110752099,-0.216111305689178,0.100064970517234,0.6537558228898511
-0.17777983448811602,-0.19000016288497198,1.21330517872697,-0.476734460287716,2.3479330769246802,-0.463844244671877
0.350279735864733,-0.622603194204661,2.4932940083077697,2.60208628849529,-0.774840743738141,0.0416791638215188
-0.4686568955835,-0.116057055934518,-0.326063102253487,2.10380793194011,0.811270772861086,1.34253219656812
0.101325915428545,-0.0408987983987512,-0.31250783863476,0.10251393027089599,0.849620670873369,1.11513933796017
0.348720381919607,-0.230671269386424,-0.0468422477828577,-0.8209300727809771,2.38393482258099,-0.20645566102337398
-0.281073404210338,-0.31908701104089504,-0.7438376614135159,-0.537762083569676,2.3412847313985,0.977938361766783
-0.986806614544501,-0.136520614610999,-0.627177653597671,-0.14382388938238097,2.40266029318406,-0.0254303701834478
0.0400545397449505,-0.449017088325854,2.57247037773697,-0.8400726275639909,-0.37288732276888503,-0.28257944099413107
-0.634217837217703,-0.15814915859592998,2.53091953921275,0.2533904949975,0.682983272125288,3.09024870538747
0.8551750055493091,-0.18847718623005902,2.58056979550139,-1.00378275395328,0.0314098517271018,-0.7822305626677529
2.16951434240359,0.13604042324195198,2.56622124367359,2.7020359999889503,-0.26155830860349694,2.6861071735325996
2.47200913003537,-0.618314939923054,-0.32675813137035103,-0.0880294225549913,0.0201847610363755,-0.14848842773517199
0.81242016227018,0.513128182738171,2.09789180710527,-0.364343467703873,1.19011410672539,0.40958392771259705
2.45577942214315,0.10495618588655999,1.2096195866053001,0.27241790224116,-0.149710671090199,2.7017471193697298
2.44723403013988,-0.24672843638813197,-0.0324714651444629,-0.126518447255793,2.3181071358796,2.64647400826441
-0.0725328196960757,2.85167328470806,0.11096624031471601,-0.263312105667837,-0.524853742946372,2.55592359340479
-0.128039757827671,-0.321978155073671,-0.246290591619524,2.10380793194011,2.93092253296468,1.24835402752409
2.16906359798049,3.5446210857009604,2.69480170540344,2.53084932667811,2.44167453438493,-0.34809740782269
-0.12603660147322998,-0.017944298100608998,-0.633234232554391,-0.19600070579101397,0.0101232281270504,-0.538921227442671
2.9633772828391005,2.69135498121967,-0.165902916142338,-0.466824965355331,,
