1.3125402,0.5390613,1.0788656,1.9536945,0.828144,1.1502395
1.4523478,0.8570562,1.3894345,1.004283,2.0362823,0.52765584
0.13926034,0.29123884,0.7190443,0.49528003,0.67898804,0.89933187
0.85110486,0.67884094,1.7874075,1.4157419,0.56329876,0.7860082
0.5474292,0.7973573,1.1554307,0.8036417,0.80742055,1.2702687
0.7213823,0.17599505,0.6453749,0.83529747,0.37105805,0.8119842
1.0870825,0.39304507,1.5741061,0.99063766,0.38661176,0.24360764
0.84912854,1.872922,0.7413038,1.1807781,0.74781823,1.025964
0.82307315,1.4779357,1.5799586,0.38438177,0.6774558,0.8006414
0.75690645,0.9880903,1.060596,0.766208,1.3772207,0.38998654
1.0102096,1.1796961,0.823763,0.7799926,1.7188188,1.7820923
0.701208,0.7493499,1.7691742,0.661355,0.6942677,1.2179582
1.0310925,2.094499,0.86652327,0.3583966,0.75582963,0.8854206
1.225392,0.1940158,1.1249051,1.0286058,0.58433014,1.7183311
2.0664825,-0.058893204,0.95107996,0.6194737,0.5925823,1.0389473
2.115251,0.61279225,0.94821084,0.7391847,0.42528963,0.3640178
1.2598125,0.8637929,0.8760567,0.8804439,1.0449047,0.8691943
1.4450024,1.404884,0.9345741,0.9429765,0.78835106,0.39041698
1.5907968,1.5421969,0.5743946,0.7148668,0.8117585,1.7614255
1.0676625,0.39904046,0.58748746,0.61707795,1.1259869,0.7428563
0.6127414,1.2891694,0.23553203,0.9329185,0.9252799,0.35275096
0.59808326,0.7900522,0.8529761,0.9974585,0.24106033,1.4096375
2.2771988,1.0865109,1.0358597,0.97527504,1.0756041,0.7160844
0.86666006,0.53212667,1.0861268,0.7493598,0.5585545,1.1278055
0.7966155,1.1902885,1.080599,0.8628412,0.46476078,1.2605157
1.3876338,0.69342554,1.3731213,0.5694452,1.0120739,0.108055905
0.6871526,0.5374561,0.5199756,1.3129947,0.5539192,0.31264448
0.5539895,0.5332257,0.9419502,0.910765,1.3102591,0.6183665
0.6974934,1.1764629,1.5970271,2.060693,1.6484784,0.36074728
0.3899492,1.2525746,0.42783475,1.1130116,0.87323844,1.028961
1.5340677,1.5604993,1.0389818,0.28946787,0.6615475,0.5086212
0.9007845,0.51717794,0.95573664,1.1850116,1.0088404,0.59603786
1.7735215,1.8287919,1.6639651,0.5248306,1.4455045,0.45707852
2.5857837,1.2516087,0.6350415,0.94931465,1.2739856,1.2325032
1.2733096,0.63048005,0.7419841,0.20126735,1.5625992,1.0343571
0.7399002,1.5680209,0.9109998,0.8464276,1.0440555,1.1484678
1.5344002,0.42508584,1.0254405,1.2343776,0.684929,1.534858
1.099562,1.3989385,1.477138,0.87468976,0.48497438,0.62580526
1.5510317,1.1289709,0.94188535,0.4027083,1.3823159,1.2276672
1.0102763,1.8929925,1.3703734,0.6438638,0.5407972,1.2456484
0.48214257,1.4462756,0.67889225,1.0070726,0.6753359,1.581038
0.7897435,0.88124293,0.70378876,0.42251182,0.9693788,0.61160815
2.3540223,0.9427107,1.7761561,0.6675128,0.7931864,1.3170075
1.4303421,1.1590073,1.1842222,0.5924287,1.1975824,0.48494264
2.4334538,1.3252567,1.1231117,0.67513263,0.74185055,0.846732
1.1850084,1.8165256,0.5036385,0.9100974,1.2227458,1.9687564
2.1185486,2.010272,1.1050087,0.8084312,0.3716805,0.7680421
1.019994,0.7700597,0.7867558,0.10211001,0.60444313,0.666378
0.90346706,0.8715297,1.4247152,4.4184647,0.5333222,1.1277673
0.75384307,1.670458,0.49435127,1.077412,1.6552675,0.24681443
0.98222363,0.46129638,0.7840351,0.62128544,1.3054765,2.4956207
0.93748814,0.27570662,0.46846524,0.5832483,1.2450446,1.6282575
1.3672568,0.74326056,1.4191962,1.2280567,1.550055,1.5519462
0.5269706,0.4112223,1.8840903,1.153001,1.4452413,2.042937
1.2452899,1.0036778,0.86884284,1.2856679,1.7731595,0.13215502
0.70619565,1.1973219,1.4676455,1.2993425,1.7840813,0.6984627
0.939717,1.4469053,1.3416706,1.005154,0.24790342,0.6182391
1.0770617,1.3022532,1.3876076,0.473646,1.1904658,1.340481
1.0143449,1.9190378,0.50011396,0.7997918,0.9377622,0.7907985
0.28330737,1.4530245,0.34920162,0.42821956,0.933133,0.37974638
0.65773255,0.36809835,1.617914,1.2551932,0.20536037,1.0623188
1.1727891,0.78112376,1.7322154,1.4440567,0.4512564,0.832472
1.1154749,0.235403,1.2524873,1.1971616,1.1203322,1.3871667
1.3786374,0.9460368,1.5710117,1.4459403,0.9434771,1.1441524
1.3929342,1.6783761,2.3010855,1.883211,0.9453657,1.749702
1.7791927,0.9560585,0.79366064,0.7864881,1.6560341,0.5283097
1.3020291,1.1030116,0.6321504,1.2812823,0.95248806,0.9453126
3.9882755,0.8774222,1.3366528,1.746488,0.89437264,1.1312251
0.44802666,0.47152537,1.2687827,0.44331902,0.9083687,0.5094518
1.118096,1.4203532,1.4885587,0.9414763,0.21654649,0.6042509
4.0966682,1.2817041,1.6060834,0.43677032,0.61583513,0.80248165
4.246418,0.5981487,1.222309,0.113475844,1.2718483,0.9629875
1.4258751,0.16411126,1.5100546,0.6415177,0.75275785,1.116651
0.8148571,0.53796285,0.7408732,0.6839257,1.1871948,1.4882812
1.2869548,1.9852318,0.8292999,1.0126703,0.6015967,0.206195
0.9132208,1.6166033,0.90260434,0.6710625,1.1578332,1.5209379
1.0246222,0.6188315,0.7028277,0.37886006,0.85782814,4.2080345
0.48088074,2.3783588,1.3986237,1.0729042,1.9696107,0.47432682
4.7211947,4.161973,1.1920508,0.6898549,4.2964835,0.9765928
0.0826499,0.17459238,0.82355154,0.80939466,1.0608605,1.0917062
-0.32341802,0.7111269,0.5832771,0.645085,4.9969954,1.0401654
-0.48641002,0.3888895,0.44839305,1.1286373,0.55209374,4.2883344
-0.47555947,4.325381,0.12946935,0.83206266,0.26741374,4.4300704
-0.45291477,0.55928934,0.47172955,0.7005332,0.13376321,4.370585
-0.052657083,4.3319764,1.4810938,0.7758264,0.737476,0.6447165
-0.7229899,0.8490504,0.79619956,1.0256869,3.8995588,4.300653
-0.84977305,2.2119365,0.6877296,0.9803806,0.80735004,4.1496973
0.28832707,0.88980395,0.7508606,1.0519583,3.8189952,0.8247639
-0.21194787,0.9189289,0.8447449,0.9541203,4.215681,0.81315666
0.43849647,1.049335,0.42228526,4.2268114,1.0302621,0.2806565
0.026227057,4.1884475,1.3663263,0.60556823,4.296483,-0.024042249
-0.657237,0.9341819,1.2920694,0.8903047,1.2379912,-0.15039599
0.002132967,4.966686,1.0149735,1.1486825,-0.6600014,0.07070659
-0.3509993,0.49964648,0.5541792,3.9297338,-0.050591752,-0.46310312
-0.37867928,0.8322748,1.4847047,4.180561,-0.50624853,-0.6718884
-0.4539448,1.1743537,0.50615525,4.2071867,0.53632563,-0.6455615
-1.3044416,-0.7079791,4.8027205,3.8299487,-0.3707627,-0.3628571
-0.219301,0.9899376,4.245414,0.4438408,-0.67189467,-0.50968826
-0.6865541,-0.40160924,4.3495955,1.2810521,-0.15144823,-0.37001652
-0.4927954,-0.76907194,0.58094025,0.77591836,-0.31938255,-0.6956216
-0.043261096,0.6037736,5.406063,0.5706191,-0.36632162,0.66854846
-0.32615745,-0.5958313,0.790295,0.68844074,-0.14481877,-0.21393663
-0.07709707,-0.07384914,1.5059348,4.227816,-0.028185472,0.5951686
0.16405699,0.19277912,1.4962186,-1.0597091,-0.51575637,0.26820844
-0.6808301,-0.36852497,1.5042899,-0.7161239,0.22976276,-0.58033794
-0.54633063,0.005599335,5.4624224,0.03040807,0.23122613,0.12398082
-0.8734164,-0.06816073,4.060129,-0.50191253,-0.42642224,-0.35625255
-0.08931346,-0.86568797,1.0063328,-1.0500865,0.16742103,-0.9142396
0.122594684,-0.6163454,-0.037866384,0.25598347,0.40013272,-0.24080217
-0.20491226,0.35817766,-0.020279735,-0.38403064,-0.2758652,-0.38333493
-1.0270017,0.13386089,0.4728374,-0.26500976,-0.8898847,-0.37551123
-0.412906,-0.21196303,0.31726444,0.110503845,0.34745216,0.24116954
-0.7257988,-0.46355623,-0.4535016,-0.6939623,-0.36617368,0.053944364
-0.09542285,-0.15844676,0.45329517,-0.9548785,-1.1050402,-0.002173543
-0.31915122,0.13720489,-0.49452797,-0.23250069,-0.54666823,0.5010377
-0.3127069,0.56100196,0.22185962,-0.5800884,-0.6807727,-0.5405875
-0.081408426,0.42830837,-0.7619597,-0.31422907,-0.031464145,0.0026032627
-0.5046093,0.22219673,0.5200968,-0.6043543,-0.4584384,-0.20349798
-0.4885586,-1.3666952,-0.12287572,-0.13064177,0.096223235,-0.57118297
-0.41072154,0.5369272,-0.37478277,-0.5111071,-0.21579926,-0.41222334
-0.3032537,-0.1140998,0.00020290911,-0.75489426,-0.67096335,-0.04038468
0.33049375,-0.20753554,-0.38525268,-0.28476304,0.4345482,-0.3776772
-0.59163696,-2.067865,0.46510252,-0.27655166,-0.14873306,0.06270735
0.3661524,0.1540733,-0.07779664,-0.012609735,-0.45357984,-0.035450995
-0.37818444,-0.2874115,-0.22216055,-0.20368202,-0.43156773,-0.20422101
0.51485044,-0.84041536,0.7658864,-0.1717136,-0.17459185,0.11392
1.4111949,0.60968685,0.7955394,-0.1217428,-0.10146268,-0.30882472
-0.009256393,-0.72480464,-0.2603903,-0.9000403,-0.38686144,-0.09741086
-0.37484854,-0.31013831,-0.3815759,-0.46989143,-0.4325304,0.3062981
0.15567695,0.48139966,-0.19132745,0.7716303,-0.6695517,-0.45728606
-0.2514099,-0.593611,0.350815,-0.5051665,-0.14909796,-0.5586274
-0.21169262,-0.13677973,0.17299639,-0.02473633,1.1198566,-0.026695788
0.5040299,0.16739094,-0.6290579,0.78655034,0.52703106,0.44534308
0.13817295,-0.37089765,1.2388808,-0.49032122,0.3574794,-0.39838248
0.8346201,-0.55441046,0.6367141,-0.033338815,-0.6592484,-1.3722548
-0.040352598,-0.08342177,0.38885102,-0.51989335,-0.34002995,0.24255936
0.6035702,-0.25915137,-0.7979646,-0.22788067,1.2593758,-0.030548424
0.1665197,-0.8253865,-0.21621376,-1.1262659,0.30849728,-0.4203806
0.27772263,-0.6087834,-0.46629444,-0.2619567,0.40463102,1.0026281
-0.1505722,0.3404809,0.7206186,0.3641463,0.60306436,-0.42644632
0.20092128,0.073140316,-0.8126681,-0.5806193,0.8449422,-0.7010065
-0.37504166,0.21524334,-0.15694624,0.28967154,0.77532756,0.57677805
-0.48414803,-0.3553782,0.10786587,-0.29736698,1.1980608,0.5728785
-0.108689025,0.15343477,-0.13951638,-0.36566365,-0.039138034,1.593008
-0.024958372,0.54462254,0.19938575,-0.22958227,-0.11324264,0.5988641
0.15656452,0.18145499,0.019762993,-0.58029926,-0.9414599,0.51579463
0.43584466,-0.48432535,-0.09614667,0.3559043,-0.8899512,-0.06392217
0.13577995,0.0042518377,-0.7387601,0.04859583,-0.47569716,1.3817766
0.18521273,0.49207613,0.31215134,-0.08595662,0.19986157,0.7886624
-0.20422877,-0.0069245696,3.867927,0.14246416,-0.24979495,-0.10578588
-0.17815028,0.91941094,-0.39362523,0.30279857,0.11509307,-0.62682766
-0.18345211,-0.7426413,0.73648405,-0.92383033,-0.4949376,0.63350374
-1.0114337,0.09745375,0.31428748,-0.39566272,-0.7876127,0.061264664
0.14374408,0.07053632,-0.16723421,-0.095607504,0.17609258,0.48486814
0.18233852,-0.9823605,-0.64269876,0.45561135,-0.58814883,-0.45051354
-0.56870824,0.658651,-0.4587123,-0.6911648,-0.2852103,-0.07083115
-0.50383526,-0.36967152,0.13504644,-0.3366223,0.32410026,-0.20661902
0.015200689,0.49758708,-0.07000384,-0.1763524,0.19557747,-0.2655387
-0.18738921,-0.77900255,1.0039843,-0.2586366,-0.17849748,-0.7332518
-0.33823657,0.056766108,-0.665228,-0.24729438,-0.1367207,-0.27897906
-0.7909845,-0.6231964,0.6370748,-0.21966435,3.0507264,-0.114672184
-0.48423022,-0.16575828,-0.13769755,0.19461957,-0.671939,-0.41023946
0.24988395,-0.4467423,0.59801364,-0.052332297,-0.26770467,-0.71398497
-0.002971992,-0.1559276,-0.26447287,-0.24429335,3.3021886,-0.1565417
3.9549189,-1.0859748,0.43804953,-0.21297769,-0.20767023,-0.852748
-0.24921702,0.03118132,0.22512802,-0.1573583,-0.8576566,-0.67146826
-0.060022816,-0.39368325,0.4104161,-0.18148337,-0.18133111,-0.49571735
3.1518695,-0.02421856,0.38970736,-0.23289497,3.143776,-0.027870476
3.4476576,0.37224734,-0.41255024,0.11165026,-0.3821401,-0.761632
3.4205124,-0.47142184,0.4464531,-0.36396313,-0.45794004,1.0951953
3.2237196,-0.4932124,-0.34090558,-0.0060985237,3.0577788,0.2834607
-0.97483647,-0.14089808,-0.0349167,-0.27664572,-0.4014203,-0.72827977
0.1263388,0.45837194,-0.7457963,-0.6499107,0.9927255,-0.10343474
-0.08068533,0.67921805,-0.392639,-0.8641297,-0.6106614,-0.47067738
-0.5677666,0.061208546,-1.122255,-0.41715276,-1.0783191,0.061922207
-0.045444444,3.3678393,0.6996045,-0.22310682,3.6927404,-1.2956734
-0.24244075,-0.7345365,0.53289354,-0.34287506,-0.6575322,-0.11340624
-0.07632114,-0.5315371,0.29860866,-0.060675606,0.6498818,3.483138
0.001247406,3.5033584,-0.3837717,-0.26678443,-0.15415035,3.5282552
-0.38652146,-0.9573072,-0.47211722,-0.49718183,0.67953026,3.4674559
0.267388,4.7272115,0.48679346,0.21471004,-0.292583,-0.079327345
0.71759343,-0.58289856,-0.15936634,-0.23386897,-0.19665448,-0.94716054
-0.5411087,-0.40424192,-0.06070569,-0.017456844,-0.9064318,-0.44318944
-0.38288426,0.09961446,0.17389096,-0.7863695,0.3875084,3.595963
-0.28847992,0.0239183,0.05779761,-0.5875718,0.10698008,4.3318014
-0.35843652,-0.42560363,0.38348836,3.439775,0.5912698,-0.0066359043
-0.23152836,3.3246179,0.31462926,-0.73643774,-0.49977404,-1.1822128
-0.3810451,3.7430053,-0.22958511,-0.39928144,0.045131847,-0.5309878
-0.6664961,3.218573,-0.4482266,-0.98189133,-0.10808946,-0.7897003
0.11002665,0.22007096,0.31403828,0.012666151,-0.3441134,-0.34294164
-0.20400621,0.29146343,-0.46738127,0.29189286,-0.44903636,-0.5169317
-0.1450326,0.046206445,0.9620855,3.3830163,-0.53543496,0.5020145
-0.62420917,-0.05895911,-0.46643993,3.2354655,-0.010127351,-0.47969264
-0.013498113,0.3596154,1.4885478,-0.4143353,-0.46577728,-0.14401436
0.063511804,0.18074772,-0.42817,3.2741523,-0.50162065,-0.4831894
-0.025333673,-1.2694653,3.459474,3.302113,-0.31945056,-0.015057325
0.07367389,-0.356197,-0.3802469,2.9645195,0.18120965,-0.8903877
-0.6172019,-0.60468173,-0.640123,-0.45700485,-0.6734077,0.34785596
0.4381404,-0.69849956,0.16052963,-0.46689492,1.207987,-0.15735331
-0.7605397,-0.6879054,-0.99594414,-0.14000325,0.5876578,-0.534206
0.06675802,-0.9171876,3.5419884,3.194199,-0.35639,0.041646034
-0.01201874,-1.5038406,-0.68996155,3.3830166,-0.6385979,0.020346016
-0.28522247,-0.22893268,3.4486718,0.027052924,-0.5085972,0.6639036
-1.1324409,-0.087467134,0.3823799,3.8781514,0.110487655,0.38969454
-0.75529355,0.032044932,0.27746043,-0.3676864,-0.7421161,-0.11052239
-0.30024725,0.19320697,-0.55266035,-0.41001928,-0.617997,-0.1065813
-0.23396827,-0.88607776,-0.047434628,0.040674463,-0.98383236,-0.5081414
0.000817433,0.5015269,-0.18630216,-0.07410787,-0.0071507394,-0.22657233
-0.27629876,-0.17913136,-0.2952669,-0.6482984,0.049017414,0.066713676
-0.5731431,-0.87426865,-1.1381351,-0.6270849,0.08916117,0.29821554
-0.16613956,-0.3136341,-0.41786006,-0.6520751,0.057248816,-0.6565257
0.16595042,-0.48626208,-0.5627967,-0.68967,-0.28075397,-0.014567941
0.2568366,-0.57077014,-0.0802075,-0.19296165,-0.007985786,-0.25701308
0.008083329,-0.07449788,0.72081614,-0.68135065,-0.6922005,0.14769892
-0.3916586,-0.3710633,-0.6531813,-0.5306143,-0.41011667,-0.5636151
-0.31413877,0.04746449,-0.23840055,-0.46077836,-0.04619947,-0.07783109
-0.699574,-0.03891523,-0.44300857,0.23962678,-0.6834011,-1.0569072
-0.22839783,-1.5746492,-0.6399298,0.19788752,-0.48750895,0.24497516
-0.61119807,-0.33781958,-0.6455747,-0.8048088,-0.5543578,0.11043769
-0.29616392,-0.69229144,-0.37319103,-0.9787802,-0.15791325,-0.16634968
0.4318419,0.29309174,-0.72724533,-0.11757685,0.6566398,-0.2375347
-0.31563294,-0.07079415,0.15559319,-0.7540537,-0.1988781,-0.50063616
-0.060551926,-0.44512117,-0.6382489,-0.13885935,-0.91196835,0.68671167
-0.21605726,-0.702259,-0.2570925,-0.28805763,0.55203557,-0.35155028
0.48319262,-0.6391641,-0.17583328,0.13012697,0.20982292,0.14586207
0.83664805,-0.0906733,-0.48329893,0.14674288,-0.5706948,-1.0368495
0.35152096,-0.41314197,-0.3473254,0.73478454,-0.38498777,0.024410665
-0.0843253,-1.4181663,-0.9848629,-1.370358,-0.07836847,0.79547095
-0.88910306,0.21950749,0.4209262,-0.7567802,-1.1744125,-0.45829612
-0.10087238,-0.21625641,0.08563799,-0.30742908,0.4327283,0.13811283
-0.83473337,-0.43158042,-0.15296665,-0.029749975,0.14793442,-0.38455433
-0.21207769,-0.59751666,0.38673514,-0.07775895,0.23099364,0.27537206
0.3095513,-1.1955329,-0.11138168,0.2818874,0.5694346,0.5963851
-0.73257554,-0.23723853,-0.10431141,-0.45202428,-0.49624515,0.15593858
0.5109532,-0.056941345,0.0041134953,0.08429888,-1.3110784,1.2017488
1.1127352,0.06856297,-0.082829565,-0.72405916,0.046838596,0.33492708
0.42904988,1.1383716,-0.012901276,-0.40822202,0.037888035,0.8575735
-0.0820512,-1.0133281,-0.8744844,3.498197,-0.07647906,0.752074
0.7349056,-0.645172,0.075644314,-0.19237472,-0.9818244,-0.80153817
-0.6210269,-0.9961704,-0.13850442,-0.19483222,-0.1554027,-0.1426155
-0.0020633638,-0.22717234,-0.14432463,-0.034034014,-0.37183833,-0.05343309
0.102091655,0.37591812,0.21201274,-0.6982277,-0.20663552,-0.5941195
-0.97615695,0.094494104,0.17285195,0.12145983,-0.5795088,0.00059336424
-0.20677762,-0.30969355,1.2712423,-0.033903167,-0.33083123,0.38303962
-0.23455988,-1.3533096,-0.5639632,-0.23969086,0.24007274,-0.19870383
-0.10592742,-0.15170303,-0.40275577,-0.7956218,0.20524263,0.08254592
0.09389664,-0.40455008,-0.3755758,0.45669305,0.022817686,0.4342398
0.12908977,-0.028582618,-0.9642371,-0.20375086,0.2867843,0.09328328
-0.62782896,-0.87677085,-0.5826558,-0.71392035,-0.39671707,0.06243661
-0.74058336,-0.784863,-0.55892336,-0.97910327,-0.022043213,0.24573864
0.15184206,-0.047255576,0.59354115,-0.2285433,-0.5281838,-0.1984483
-0.24839388,-0.1798729,-0.3563775,-0.13699223,1.0265756,-0.5174024
0.03658937,0.3678477,-0.10188052,-0.15790309,-0.44877785,-0.52877027
-0.6703557,0.011283457,-0.013489991,-0.67664474,0.8180955,-0.029580534
-0.51209265,-0.2685958,-0.53600407,-0.61840945,-0.3090707,0.39042968
-0.5027008,-0.8456385,-0.026385128,0.5136369,-0.5757086,-0.05159235
0.07906884,-0.81382596,-0.5996529,1.2006804,0.0277351,0.758394
0.06142439,-0.59934735,-0.79969776,0.17141007,0.3465668,0.108385414
0.3245456,-0.5459652,0.11812955,-0.07272963,0.18557763,-0.49978364
0.06644453,-0.4524024,0.27543694,-0.29631156,-0.14644517,0.037686765
-0.26197106,-0.06291115,-0.44295135,0.064262226,-0.09127124,-0.41767526
0.26656592,0.017727777,0.013335928,-0.44154805,3.4779167,-0.06771582
-0.07900135,0.3747037,0.45841578,-0.6346442,3.2028732,3.1403768
-0.064663485,-0.15304726,-0.23893481,-0.43454045,3.0531998,3.399722
-0.35926265,0.17655568,-0.6212461,-1.0192878,-0.50279677,3.4383905
-0.03950058,-0.36964035,0.18427019,-0.017823413,-0.5952541,0.37650132
-0.33500713,-0.59007835,0.41498393,-0.28932428,4.1169677,3.4759963
-0.32176888,-0.6086912,0.37073207,-0.1817476,2.8586915,-0.32368213
4.007403,-0.7388065,0.036690414,0.093008116,0.097276665,-0.75891215
-1.0782682,-0.65875256,0.035993725,-0.21651103,2.9158623,0.090307266
-0.6028845,-0.26227367,1.1964858,-0.3345427,-0.4097026,4.2913218
3.3877254,-0.49841654,-0.4452043,-0.40746325,-0.50319314,-0.57771933
-0.28133345,-0.9788966,-0.09982407,-0.14189921,-0.60390747,3.475617
3.2859397,-0.42699808,-0.25814322,0.13329566,-0.3732283,4.266248
3.3002694,-0.004668206,-0.22134271,-0.77050596,-0.63924026,0.15835455
-0.35883993,0.1856136,0.002003938,-0.56734073,0.25814036,0.47889465
-0.7237494,0.11508107,-0.5813687,0.07353257,-0.17449506,-0.016670406
-0.35712767,-0.7691469,-0.52623785,3.284501,-0.69379675,0.047562152
1.2371658,-0.3522663,-0.5303457,2.899352,0.5396006,-0.18472958
-0.48769736,0.25457874,0.069677696,-0.085972056,0.2654158,0.30066895
-0.008610368,-0.09248242,-0.113523275,3.4008431,-0.24393432,0.060340494
-0.47069472,-0.6241672,0.59424436,-0.64298904,-0.2252929,-0.6418626
3.767437,0.01877889,0.23135126,-0.6666066,-0.15401565,-0.15427071
0.1497195,-0.71262604,0.5537001,-0.5221973,0.31653255,-0.1380181
-0.5803772,3.1680164,3.3973844,-0.13107575,0.3581577,0.58512044
-1.3021247,-0.4620381,-0.5112777,3.365157,-0.7247033,-0.09400913
-0.5853982,-0.27536792,-0.2955487,3.1779685,-0.24310215,-0.32189268
-0.07099779,3.3047829,0.47007883,3.1779783,-0.50329494,0.11892429
-0.86070263,-0.74408513,3.6136572,-0.15148793,-0.07851039,0.26125363
-0.17775564,-0.7200581,3.6059377,3.0982594,-0.46945822,-0.60041505
0.101655915,3.1474004,0.36366227,-0.23360129,0.51689184,-0.31260842
1.18846,-0.270203,0.06488684,-0.039648682,-0.2690596,-0.13706604
-0.15965985,-0.1576187,0.37582195,-0.46336704,-0.8837136,0.8360452
-0.21392037,-0.6666312,0.11479592,-0.43931127,-0.18186422,0.16415855
-0.10050447,0.017349198,0.46747395,-0.12239845,0.7870969,0.7182026
-0.47704017,-0.6227912,3.6618311,0.0836799,-1.0045267,0.15175717
-0.52044,-0.2780376,3.6136572,0.3667962,0.054288343,0.24401577
-0.18168671,0.33863008,0.04637249,-0.24603952,0.19141948,-0.49747705
-0.2036245,-0.3656674,0.025033817,-0.53338593,0.21462032,0.09931253
-0.3265953,0.19406122,-0.79953086,-0.400733,-0.050697073,-0.91874593
-0.22653987,-1.2401502,0.036949843,0.0040104836,-0.2821852,-0.2947805
1.4449114,0.23471762,0.22407833,0.2084345,1.2486823,-1.1745543
0.61130244,-0.28430086,0.8631213,-0.63139087,-0.08304994,0.6987205
-0.07916762,-0.30635864,0.71567094,0.1636846,-0.12206273,-0.34973472
-1.0409017,-0.20805055,0.5331954,0.22749081,-0.30566525,-0.3751064
-0.7897804,-0.098101854,-0.5896691,0.002893567,0.048378468,0.10468876
-0.09372912,0.15912007,0.108352244,-0.4558177,0.3084032,0.3711366
-0.59071255,-0.65255004,0.03073676,0.24038847,0.15675838,-0.28406417
0.35031056,-0.10979837,-0.2712107,-0.0030114204,-0.66439486,-0.20937455
-0.08127378,-0.1972616,-0.6773648,-0.04318291,3.6302788,-0.19565478
-0.5518327,-0.017016679,-0.76749074,-0.19999959,-0.13202314,-0.037546158
-0.27841556,-0.4176268,0.17631832,-0.16483195,-0.30842167,-0.35055
0.18163958,-0.60795516,0.39414734,-0.088848606,-0.44864035,0.19533002
-0.37324452,0.3313115,0.8944342,0.58851707,0.25153795,0.19646941
-0.7758616,-0.6683192,-0.11693773,0.96053314,-0.019657835,0.73959744
-0.18799473,0.3362763,0.0006905198,-0.4733724,0.17708315,1.1988068
-0.49311912,-0.30890328,-0.21254501,-0.27716798,-0.0810058,0.35755667
-0.065076485,0.14015335,-0.58757734,0.3665141,0.10013223,0.18238229
0.3225698,0.23694889,-0.84866536,0.016659006,-0.48994005,-0.5607041
0.40491337,0.7595196,-0.15752006,0.090385556,-0.6595952,0.24264547
-0.06161566,-0.59669644,0.04885803,0.10088052,-0.068055734,0.1906918
-0.5592109,-0.024701983,-0.09967044,0.23530939,0.10658091,-0.3399598
-0.09788786,0.58813065,0.045642197,-0.6375278,-0.36503226,0.32066262
-0.4467982,-0.45879352,0.14773439,-0.9767603,0.56598943,-0.29257756
0.53473437,-0.90948474,-1.4243351,0.069555745,0.6919473,0.45472628
-0.24699177,0.4926117,-0.043224663,-0.3647533,1.2600001,-0.059865355
-0.10361661,-0.490591,-0.20979661,0.007940412,0.9841804,0.04314974
0.67470366,-0.8331362,0.04561408,0.051253542,0.536935,1.261735
0.14136815,0.28277773,0.116467595,-0.14294721,-0.38164538,0.80838966
0.2476181,0.82246894,-1.0148643,-0.07363029,0.6510179,0.5261361
-0.1703173,-0.45068055,0.28898364,-0.92171293,0.40698522,1.0310419
-0.8746526,-0.4032454,0.31881618,0.29990083,0.36812368,-0.4540745
0.5393971,-0.1418558,0.12480892,-0.36210364,0.3634017,-0.14331913
0.29945406,0.28231522,-0.31242105,-0.66529083,0.29844213,-0.108843684
-0.035620168,0.007144496,-0.12816986,-0.33164138,0.11636974,-0.2802627
0.86455554,-1.055546,-0.6707816,-0.16168456,-0.073611274,0.58662796
1.1187319,0.41997463,-0.20037887,-0.45484513,-0.35455137,-0.36074692
-0.37184238,-0.12237787,0.1652005,-0.081336096,0.26350302,0.061130375
-0.39202064,0.290796,0.4456755,-0.026549876,-0.33402002,-0.28840286
0.21395363,0.31645414,0.19356278,-0.12472488,0.04021153,0.14751364
-0.45704252,0.04373382,0.44566518,0.20446816,0.18781182,0.35712865
-0.12456037,-0.58984566,-0.114539504,-0.05264771,0.6138472,-0.1596382
-0.022437707,0.2822107,-0.11992782,0.82812166,-0.5636011,0.06374538
0.033116356,-0.21864894,-0.2608824,0.654928,0.264012,0.19750431
-0.09617521,0.147255,0.02253218,0.3650555,0.14895892,-0.12773365
-0.047931954,-0.04801613,0.042730957,-0.35419065,0.23573932,-0.6762282
-0.23638238,-0.22829711,-0.93164575,0.3821109,4.604333,0.079000324
0.033892587,-0.05684215,-0.43659928,0.009586915,0.04463488,0.41187587
0.062882215,-0.3725555,0.6751903,0.027890667,-0.33019865,-0.03770697
-0.08605178,0.7201165,-0.5954962,-0.3854335,-0.63728756,0.33676845
-0.08838953,-0.21840501,0.102330625,0.056550406,-0.33037865,0.57990986
-0.25525433,-0.3344552,0.2535997,0.29343438,-0.44475442,0.28083977
0.020523995,-0.009185359,-0.6326575,-0.17296441,3.387273,0.71675235
0.016546413,1.0694441,0.5192777,0.1760474,-0.4194826,3.7087755
-0.17501913,0.78875023,-0.9014064,0.07555541,3.387273,-0.012494326
-0.4680974,0.68911827,0.59224224,-0.023202032,3.4052417,0.34429327
-0.87834215,0.8725266,0.8524369,-0.50360054,3.4141817,0.030783623
-0.1772675,0.9763042,0.49280506,-0.34843123,0.018297628,3.3464208
0.14788711,-0.36297768,0.23189802,-0.28112978,0.3465532,3.655407
0.2838859,-0.8562362,0.38809046,-0.3096733,1.5017117,3.5611749
0.026012823,1.0121694,0.5919328,0.25425407,0.1454181,3.6599252
-0.15871762,-0.9588051,0.83185863,-0.16818424,0.044718266,3.3951154
0.17998374,-0.08033204,-0.36559787,-0.3514117,3.3393445,-0.24441117
0.32842973,-0.19774538,0.05544749,-0.18244101,3.534777,-0.23093393
3.583121,-1.1126409,0.18185712,1.0922982,-0.00030882657,-0.3049944
0.120505124,-0.13050818,-0.2756895,0.4586246,-0.17166083,0.09591563
-0.2794121,0.28755954,-0.07551417,0.28809595,-0.013223618,3.426851
3.5529828,0.33177564,-1.2467606,0.17412843,0.27547058,0.35519204
3.4677792,0.26135078,0.5996443,-0.58550805,0.7077465,0.2567748
4.0908523,-0.21220037,-0.36360857,-0.30677855,-0.42810428,-0.29313743
-0.2666754,-0.36096776,0.16247857,3.439971,-0.1927291,-0.03608927
-0.49342752,-0.2138797,-0.18044868,-0.45502913,-0.2769438,-0.6615353
-0.77123094,-0.4826578,-0.8252331,0.32677037,-0.4538375,-0.6881932
0.23513314,-0.13503286,-0.31636515,-0.6811214,-0.019381836,-0.33343303
-0.5208437,-0.019305736,-1.0870851,-0.75303173,-0.3794428,-0.35412037
0.030450627,-0.2992099,-0.11293349,-0.32203388,-0.6531557,-0.4349118
-0.77478117,-0.11458564,-0.12386766,-0.39223343,-0.339234,-0.8281172
-0.23587783,-0.23807251,0.062325895,-0.7432077,-0.14913885,0.4138671
-0.03977172,0.1838179,0.8218832,-0.28466988,-0.7702728,-0.23754296
-0.6155281,0.22748679,3.4645855,3.6105943,0.4891922,-0.08142638
-0.55905676,-0.12998247,-1.0954963,-0.42308086,-0.6687815,-0.279976
0.420229,-0.09119883,-0.7064464,4.237421,-0.82272625,0.4085219
-0.33632904,-0.4974664,-0.5578284,0.0420433,0.19407384,0.3251845
-0.5660236,-0.9158691,3.8507645,4.1644435,-0.051415607,0.029845655
0.1507818,3.6606002,0.30989307,0.17253175,0.96922696,-0.42032087
0.5199083,-0.2534126,-0.7112049,-0.111420825,0.05031906,0.1976631
-1.058382,-0.31704426,3.4351435,-0.41313052,-0.43519938,-0.3594364
0.9294997,0.16416876,3.0784237,-0.08966105,-0.549426,-0.109954596
-0.038132176,-0.22260404,0.014843196,-0.6913926,0.09143359,0.2435273
-0.71843135,0.24781045,-0.1047301,0.2157597,0.0167429,-0.053134143
-1.3188864,3.6307945,-0.6316613,-0.583375,-0.4495924,0.33789134
0.23322137,3.784923,0.035328522,0.6575603,-0.38678896,-0.39474708
-0.029590622,3.4879775,-0.76294696,-0.36026424,0.032320037,-0.462098
0.23886526,-0.46565723,-0.06670904,0.27254975,-0.7102735,0.17180017
0.25890836,0.4592441,0.8089348,-0.18487523,-1.4738648,-0.8710223
-0.20533977,0.42720863,-0.5655167,-0.13372628,0.25714564,-0.2541862
-0.21524899,4.2809663,-0.8816205,-0.66723156,-0.826182,0.43496937
-0.064560786,3.3967242,-1.0609765,0.20604193,-0.36802763,0.28901303
-1.4919475,3.6312513,0.02336672,1.0887234,-0.60620385,0.03870982
-0.18879665,-0.5845075,-0.14471138,0.01453726,-0.8400581,-0.08766228
0.3455928,-1.0968891,-0.40450248,-0.3960703,0.38777012,0.43794215
-0.13022159,-0.2868995,-0.18991992,-0.74394894,-0.82954204,-0.5138588
-0.8706484,-0.86470413,-0.32842585,-0.45324057,-0.2782213,0.9082785
-0.8300036,0.24134393,-0.7164415,-0.29822183,-0.42215133,-0.43941557
-0.44467175,-0.31398967,-0.7372863,-0.3304761,-0.31170124,-0.77329654
0.5798696,-0.33177257,-0.14761761,0.16963811,-1.272679,0.41161066
-0.4373927,0.0385333,-0.9267224,-0.5936524,-0.28527653,-0.1770075
0.40923035,-0.65871835,0.14767009,-0.42044997,-0.9984864,-0.12868738
0.15267053,-0.028640375,-1.1751639,-0.003449604,0.5962668,-0.034359515
0.09232959,-0.0052458495,-0.093339026,-0.43904507,-0.064874336,-1.0366335
-0.41516376,-0.4021889,-1.039811,0.014683843,-1.043993,-0.76048154
-0.21780159,-0.2849747,-0.32341918,-0.4533251,-0.51966923,3.446834
-0.23668943,-0.67551196,-0.67094576,0.10057326,-0.04890585,-0.06582284
-0.91075504,0.1892063,-0.7091001,-0.31509048,0.044801176,0.22645426
-1.140721,-0.05006066,0.20669429,0.3064378,-0.088409886,0.32571575
-0.4303059,0.41691726,-0.3089759,-0.31561583,0.1036593,0.07659924
-0.46596318,0.463967,-0.1752832,-0.32325673,0.2895432,0.4320708
-0.80588675,-0.07215461,0.5038318,-0.9622145,-0.6778549,-0.18768284
-0.574377,0.062104195,-0.16574073,0.32458532,0.08715427,-0.21349123
-0.6339536,0.078763835,0.1887843,-0.50162625,-0.128455,-0.40796107
-0.106719,-0.09161359,-0.5026598,-1.0678184,-0.4763965,-0.1872209
-1.1330708,-0.0076655746,0.5793046,-0.5693397,0.13610849,0.42190123
0.23195663,0.4419246,-0.6185944,-0.40592092,-0.6036223,-0.67579603
-0.012397826,0.23746349,0.059151545,0.1932099,-0.3033234,-0.15056518
-0.76201004,-0.050069153,-0.5144981,0.22885025,-0.5413484,0.16764612
-0.65461653,-0.980752,-0.28211644,-1.2774421,-0.13233353,0.3475653
0.11816269,0.2254407,-0.033497334,0.031539157,0.21244,0.39063847
0.5236991,-0.08135444,-0.34202603,0.023890004,-0.49124217,0.74797785
0.7949822,-0.40613472,-0.73358524,0.32575387,-0.035818264,-0.3498376
-0.535369,-0.8428335,-0.20391986,-0.21639504,-0.22302698,-0.7767058
0.5546612,-0.14485121,0.090633556,0.32412374,-0.16588472,-0.36736614
-0.4619122,0.05236824,-0.7947997,0.2305056,0.20658156,-0.20057002
-0.83735836,-0.99535763,-0.3765929,-0.6646852,-0.5902708,-0.285392
1.138514,-0.54663754,-0.1891889,-0.5533405,-0.957826,0.96208054
-0.74198383,-0.18455657,-0.98787177,-0.08821304,0.44410014,0.55979455
0.52915585,-0.30972946,0.011596084,-0.29607564,-0.033088878,1.1673498
0.20317683,-0.22869083,0.062894255,-0.09376033,-0.40186858,1.4067299
0.43127954,-0.36108583,-0.12601635,-0.22821386,-0.10236387,0.025883138
0.65523654,0.097954646,-0.769488,-0.3124323,-0.59995204,-0.15940234
-0.00034302473,0.37196538,-0.8489951,0.2046564,0.5057939,0.8352764
0.042115346,-1.0379356,-0.22800708,-0.24254562,0.7351873,0.7552824
-1.2029877,0.19544858,0.6481738,0.38290924,2.770665,-0.1602126
0.027130634,-0.76547027,-0.27824333,0.25489688,-0.25712347,-0.21211222
-0.28630948,-0.98239756,-0.75292087,0.1463326,-0.07802747,0.30395573
-0.43053472,0.69003314,0.16691011,-0.34639323,-0.13602816,0.16662543
-0.7539934,0.19372256,-0.08017525,-0.275975,-0.30477172,-0.15930706
-1.3968204,-0.40950298,-0.15632537,0.13254687,-0.8718201,-0.15493238
-0.049610898,0.5231033,-0.029410034,-0.10122724,0.16427428,0.2488184
-0.12142332,-0.19195509,0.28463018,-0.2579819,-0.03622292,0.16510718
-0.72642326,-0.31853843,-0.8510233,0.27953023,0.1536726,-0.0028968453
-0.5914953,0.54331744,-0.72117245,-0.8378765,2.839378,-0.06780508
0.02892892,-0.9856634,-1.2547015,-0.9418618,3.1316388,-0.11499345
-0.31187212,-0.40295857,0.14020157,-0.44579577,-0.51662016,-0.30611497
0.060064867,-0.962826,0.4486335,0.2661354,0.06155263,-0.74330324
-0.39180827,-0.7800441,0.9453049,0.14743327,-0.4500131,-0.5224801
-0.6704297,0.015150487,-0.79190075,0.35679013,0.18048967,-0.18950692
-0.1377346,0.14080203,-0.6472635,0.43287688,-0.47654974,-0.6197167
0.087381616,0.74748033,-0.6128355,-0.1631728,-0.027701274,-0.40397197
0.17536739,-0.9219718,-1.3358535,-0.3359766,-1.2469727,-0.08444935
-0.065545484,-0.294884,-0.57078445,-0.3325541,-0.25790435,0.15601914
-0.28804475,-0.20752162,-0.1713328,0.19818671,-0.5351652,0.2268009
-0.52407306,-0.09143448,-0.55579996,0.020134658,-0.13062836,0.09855853
3.1023393,-0.5603491,-0.13702652,3.1160238,-0.63949835,3.2699027
3.2559743,0.028476,-0.11776009,-0.6945322,-1.0929807,-0.5829895
3.2224712,-1.1128671,-0.2222909,-0.015233383,-0.38119715,-0.21888784
-0.1166365,-0.0948852,-0.24824974,-0.11841224,0.35731637,3.1780002
3.4295373,0.16110095,-0.40126726,3.2055597,-0.24889661,-0.46621305
3.2645545,0.541002,-0.37704173,3.2847533,-0.8700963,3.3330503
-0.1677938,-0.67800844,-0.40026584,3.199729,0.089672044,-0.42367905
-0.9484085,0.9515935,-1.1365513,-0.2888887,-0.2708037,-0.2731651
1.0334256,3.3193765,3.272935,-0.07034393,-0.29068822,3.2666922
2.9913366,0.35404032,-0.94820464,0.07507185,-0.33565664,2.8052123
0.04629509,0.7512659,-0.72930634,-0.40717632,-0.6868083,-0.53063047
-0.90464747,4.2178817,-0.68740964,3.0916047,-0.70130587,-0.47153026
-0.45410645,-0.013751358,0.2638062,3.305215,-0.7648405,4.036352
-0.6236677,-0.5963547,0.25202516,2.9007494,0.14374712,-0.1301552
-0.87094426,-0.2259655,0.099193186,0.06173855,0.21144943,0.65483445
-0.38835824,-0.27493587,-0.7055768,-0.2214074,0.36623222,-0.1731067
-0.6956825,-0.31441295,-0.4644356,-0.96980613,-0.66251326,-0.87670285
-0.7331686,0.12347817,-0.7605624,-0.069119275,0.28196907,-0.42944926
0.21031092,3.3244686,2.8436215,-0.6515412,-0.067262754,-0.2259771
-0.45686078,3.505517,-0.34418598,-0.6853207,-0.4958198,0.12257719
-0.3260948,3.195764,-0.19167435,-0.70882934,-0.35732108,-0.7872701
-1.5445563,3.1581478,-0.94073915,-0.36035413,-1.2779478,-0.9768954
-0.049843505,3.195764,-1.0248786,-0.61187965,-0.37209058,0.34339178
-0.09043755,4.2254953,-0.3707898,0.33643788,-0.98294735,-0.30352014
-0.24213134,-0.29335022,-0.21248087,-0.42424315,-0.77255577,-0.5894199
-0.11180891,-0.57592225,0.17662352,-0.44361627,-1.089777,-0.61877066
-0.7785877,-1.0832456,0.079928756,-0.44364613,-0.6942208,-0.95287603
-0.41341507,-0.33653724,0.49383974,-0.42054093,-0.48481882,0.5582815
-0.9266788,-1.1540095,-0.4762055,-0.22540076,-0.5244571,-0.2830975
-0.6979004,0.04335606,-0.17216328,-0.3526472,-0.2106965,-1.0603986
-0.6869575,4.1298647,-1.1684222,-0.750345,-0.31160092,0.10940699
-0.009224191,-0.9493269,-1.1938919,-0.6299666,-0.8217584,0.15225933
-0.31454927,0.05730623,-0.18069336,-0.5728627,-0.67034185,-0.4117189
-0.44363642,-0.1911217,-0.7897092,-0.33167517,-0.23242928,-0.032975107
-0.7258605,-0.95204127,-0.98162735,-0.48996645,-0.45948166,-0.59818774
-0.5101175,-0.09327257,-1.085512,-0.4099908,-0.13827969,0.0006041229
-1.0310072,0.174364,-0.70946085,-0.032487407,-0.749742,0.18644856
-0.2727914,-0.8705143,0.420924,-0.15469874,-0.5034977,-0.6180201
-0.11988713,-0.8852782,-0.3136284,-0.5089583,2.8591795,0.045485556
-0.25534958,-0.10544318,-0.378657,-0.69268465,-0.38347197,-0.054747045
0.03703074,-0.4116227,-0.2433621,-0.8890626,-0.7638131,-0.8381737
-0.17055787,-0.48502785,-0.6056746,-0.74789464,-0.5247704,-0.81440383
-0.48470533,-0.7949684,-1.2774642,-0.7466027,-0.28146964,-0.14943415
-0.33060992,0.094934225,-0.63379514,-0.50164026,-0.19078921,-1.2864039
-0.7014915,-0.33161217,-0.7663373,-0.007533103,-0.32502913,-0.51248413
-0.36968315,-1.0110458,-0.22097138,-0.31093067,-1.0197705,0.047156364
-0.77257013,0.06185603,-0.64913976,-0.3231532,-0.79234016,0.10305491
-0.72408265,-0.3270111,0.24177618,-0.86216015,-0.2119021,-1.4485989
-0.40757614,0.4359871,-0.04298532,0.118447766,-0.75491226,-0.5265078
0.3053844,-1.6848242,-0.27892056,-0.41265208,-0.06312849,-0.10633588
-0.3596921,-0.3905878,-0.56738234,-0.015091807,-0.7166429,-0.88640994
-0.5403567,-0.4706847,-0.8811332,-0.43931776,-0.69755065,-0.031767726
-0.7271825,-1.0906012,-0.62180245,0.32607573,0.17541544,-0.41147524
-0.4570824,-0.103196055,0.20461032,-0.53781414,-0.28306127,-0.7267797
-0.6645416,-0.16251922,-0.10528144,-0.7299514,-0.82530224,-0.82834095
-0.34699643,-0.746789,-0.155925,-0.59854835,-0.6516379,-0.99270684
-1.0152408,-0.119294584,-0.4648905,-0.8838902,-0.9790875,-0.757461
-0.09392567,-0.2443806,-1.1807936,-0.7978171,-0.3014958,-0.5873165
-0.38576412,-0.2403233,-0.8364767,0.13923614,-0.86883914,-0.38496798
-0.50675803,-0.4893734,-0.78109944,-0.12897502,-0.3592767,-0.4414482
-0.32036668,0.005551353,-0.32077864,-0.736298,-0.028749868,-0.25206786
-0.458066,-0.6646083,-0.39623138,0.27494848,0.05682464,-0.34095109
-0.2796234,-0.006675586,-0.65743566,-0.471932,0.52314335,-0.4533407
-0.842311,-0.18407166,-0.7258401,-1.1198786,-0.79246926,-0.23637748
0.5045697,-0.6733299,-0.7546383,-0.782327,-0.3861019,-0.5965046
-1.360207,-0.0064306855,0.14316481,-0.4363355,-1.1020358,0.55229574
-0.2635435,-0.19323355,0.22279489,-0.102598295,-0.16498192,-0.2350913
0.23165832,-0.8670001,-0.03667295,-0.9425363,-0.42468685,0.7128573
-0.14686124,-0.36600852,-0.33620206,-0.48414952,-1.5933157,-0.66384095
0.1752417,-0.30352333,0.042839244,-0.24479918,-0.6335339,-0.17306846
0.5994354,0.6331667,-0.106466144,-0.43496662,-0.07776742,-0.9297518
0.5711829,-0.5590805,-0.33485296,-0.49910116,-0.39382917,-1.0008631
0.3352158,0.38096514,-0.08593455,-1.0934415,-0.45359933,-0.7071813
-0.2595281,-0.017565072,-0.38440135,-0.5589666,0.16441445,-0.5280726
-0.07913993,0.06559366,-0.5194948,-0.23876907,-0.8989961,-0.46705443
0.06306629,-0.4501245,-0.68001246,-0.86154276,-0.167634,0.13134712
-0.8696183,-0.71220815,-0.52079034,0.16333047,0.011936918,0.16795488
-0.92829406,-0.6077907,-0.1990377,0.06961574,-0.061567977,-0.30530697
-1.4815644,-0.40113604,0.15942645,-0.22584681,-0.6143178,-0.29122072
-0.1232668,-0.7454592,-0.25185084,0.28669363,-0.7349613,-0.27444297
0.27456152,-0.47001052,0.011421621,-0.4191212,-0.3726185,0.25764066
-0.061273143,-0.27224845,-0.14830056,-0.2536192,-0.7203324,-0.1042335
-0.4735217,-0.22308654,-0.044225395,-0.4717245,-0.48355436,-0.9033367
-0.06554149,-0.2954445,-0.854282,-0.12255962,0.09865601,-0.008480787
-0.22680984,0.15909699,-0.038851917,-0.7194468,0.17820576,0.14051288
0.292692,0.25313556,0.31595,-0.68760175,0.12450962,-0.03117001
-0.081328735,-1.477012,-0.9434358,0.27951872,-0.8409978,-0.34508055
0.3959458,-0.7938107,0.35703343,-0.24892868,0.15051658,0.7782758
-0.16480868,-0.22286806,0.44935054,-0.54755586,2.3972619,0.02125071
0.34600282,-0.6768619,2.5503316,2.3669384,-0.89343023,0.042160243
-0.35989308,-0.10214606,-0.31971696,2.5107949,0.54043984,0.53880847
0.11380114,0.080925405,-0.29806748,0.070373714,0.5207108,0.3041286
0.39409775,-0.29630777,-0.014482677,-0.88546926,2.4416175,0.10540299
-0.26728415,-0.34127313,-0.8452649,-0.15309794,2.2834911,1.1221509
-0.60787874,-0.17481783,-0.66967714,-0.19324042,2.4721303,0.2420705
0.03320028,-0.38027936,2.630841,-0.9209259,-0.44460332,-0.38670808
-0.6559601,-0.16260582,2.976393,0.22725172,0.32520342,3.2799282
0.1906945,-0.21300134,2.630538,-0.7278125,0.0877033,-0.4914981
2.379464,0.17571275,2.6049542,2.5154216,-0.25703222,2.6896493
2.6220317,-0.6326103,-0.33860222,-0.15632148,0.031246588,-0.17926526
0.40680033,0.56224334,2.1431873,-0.49729842,0.9858043,0.47305393
2.6060243,0.14599179,0.37340963,0.25384468,-0.16665734,2.6500785
2.7141266,-0.042461574,0.018092781,-0.15963934,2.3582492,2.6008914
-0.079546705,3.0401926,0.17551348,-0.20482151,-0.59303296,2.5115092
-0.13590042,-0.40368545,-0.12788019,2.510795,3.2774985,0.3993116
2.3825006,3.50636,3.0632725,2.328463,2.5356855,-0.3984751
-0.13324894,-3.415346e-05,-0.61558235,-0.3101073,0.022198573,-0.59419984
3.1890502,2.8787513,-0.19545749,-0.5151852,,
