0.331320945832442,0.9707509346501981,0.18742740820836604,1.0607466921953599,0.41782605768629605,-0.21993981110545602
-0.232227014116144,0.27580131279590503,-0.280946889729766,-0.6008400327891279,0.302803629100875,-0.42486735164734796
0.322049372209602,0.290043432903782,-0.6470600492873579,-0.23510491286202498,-0.6102018183782829,-0.0274907206857106
0.903148917701042,-0.74281431323219,0.858722082439768,-0.740339462660564,-0.293487415862779,-0.36384568923102295
-0.125084792063301,1.40372786671946,0.17354307812924802,0.37379716631098503,-0.347584954973732,-0.38751772038684795
0.284935258362875,0.200335075055073,-0.384692812682685,0.11247201143559199,-0.0625270919961538,0.0593677171679714
0.15718550402182999,-0.5956615744697579,0.18674969953984302,0.122497954569925,-0.0540082897908859,0.7145226556182271
-0.234470366575063,-0.453006868039938,-0.9315788260045459,-0.33179284112874796,0.0376130359911071,-0.0368207867799486
-0.301369385721463,0.750402033218223,-0.11959349558894601,-0.9153596156568149,-0.739666136758741,0.26866626352101797
0.201842537546007,-0.14178744065913298,-0.313791428483445,-0.379161639698983,0.146041766395073,-0.0305869702480056
-0.24087708816546302,-0.287313002117084,0.0346758266873511,0.556828387267709,0.396429561198097,-0.375670786001383
-0.0564608734809606,0.0740892504848318,-0.514202018251305,0.17270367397456898,-0.793794690710462,0.501895245891832
0.100832104228245,-0.6188518136695049,0.44073172308976893,0.176953381442286,0.159818728260738,-0.0988940859297766
-0.0164902505410446,-0.990381692209469,-0.0686885219863689,0.39148174338230296,0.0931950547409217,0.45227927004588
0.0216810574869614,-0.15105234920907099,0.0934403156263222,0.0435337246583339,-0.9563426991613678,-0.657028084481184
-0.0065471184330069205,-0.21823564715083105,0.42376546436830603,-0.12065947451216999,0.195000311693543,0.142929095831069
0.495885761485525,0.398257799544831,-0.45902566581267207,-1.2375568466245,-0.13501811100938302,0.36406629913774796
0.0710916610397998,-0.573815213599977,-0.131829565940769,0.0630592646435261,0.552395055550599,-0.516085491462122
-0.357294759277579,0.132342702171195,-0.20133558980153,-0.21763990007812198,0.48604086451336803,0.12488505883933
-0.245068631147047,0.297892170641234,-0.573818388318562,-0.275325164125451,0.534860386282457,0.302991728041263
0.17687036582663102,-0.150400209923563,-0.0561789718982092,0.0772808801818379,-0.489939775741305,-0.207414993241808
-0.7655654191572779,0.344130600322198,0.0559307857321253,-0.041522489359344,-0.218767014967382,0.44338222242669606
0.197211059312594,-0.45835286315626206,-0.24028327787136,0.9010364552851879,0.35675290672331494,-0.10144015227425199
0.20311275229057502,-0.5537446402466801,-0.191517896116833,0.17364650630034498,-0.255957133998197,-0.0903830958493169
-0.8582129091917479,-0.662179408123164,0.0498880128421545,0.38388609135765595,0.713015245459846,-0.16927141767621598
-0.6304842283886529,0.17870501769856698,-0.7091713333268341,-0.0584197355140189,0.468361606151657,-0.0565006065575305
-0.355434328266941,-0.665722822070528,0.241693496113376,0.22827123399500798,0.164879803566828,-0.23075128549325
-0.532499338215299,-0.49828748889904606,0.541875653971614,-0.6000555170373211,0.450283473204177,0.5942795803584829
-0.44748198177212,-0.807490572167274,0.15509739503888598,-0.251369253762986,1.17614651807421,0.498785550370106
-0.3698388276536839,-0.0868952660343823,0.5949597592573941,-0.278627686291634,0.662879057976411,0.0641230053070678
-0.741334136524213,-0.186355837475936,0.5054168309102771,-0.0372716885435412,-0.260703575700016,0.11883266295870601
0.532208673074517,-0.28028756538422606,0.0574946988501265,-0.165071050823766,-0.13640098356160302,-0.0780137174199829
0.29579886635650104,-0.24390152316530897,-0.24243389382266398,-0.10573127615018699,-0.30062057403116604,0.0203686355023351
0.819480051847419,-0.622877894010884,-0.9899610949355391,-1.1310033293175,0.15227871168837698,-0.188059992671731
-1.33566051708564,1.06953767558905,-0.43031069578627207,0.46407550672838105,-0.33875329299135404,0.299884217977842
-0.739565747473373,1.23466956459425,0.452274647656612,-0.28883578998356396,-0.174436093645504,0.9222289126052651
-1.12416419002795,0.6790922926312829,0.304058399115728,0.307893959565311,-0.155028162677529,0.763054709515802
-0.211938752688349,0.269507909236684,-0.33210001681262796,-0.199729707435823,0.0302769420884414,0.0344069565108049
-0.20944873619836102,0.219527019076653,-0.00785036704736655,-0.131267025880517,-0.36990963323528103,-0.0519398517461496
0.0877715639990657,-0.576059316868594,0.400839827176289,0.15897220008998403,0.686482365747077,0.22967575286338002
0.17499314911446698,0.682455564091923,-0.523325351677543,-0.12124101690356599,0.455846714368003,0.199884657701901
0.38317358977157795,0.183712550367201,-0.26337387983499805,-0.00461557923338372,0.6575717543326279,-0.42635911391556003
0.47179674288834006,0.221830015492503,-0.544890832266104,-0.0386913170649302,0.795276172286783,0.626152305481184
0.298889961743451,-0.341664924843034,-0.864505180656867,-0.239554531571621,0.539082786976537,-0.0906209669670519
-0.707872784765216,0.20351801604601602,-0.26605860912517304,0.16377039835343699,0.11343873882591199,-0.37884925723243795
-0.0201202253551932,-0.00743328364226587,0.163281374564796,-0.7940655655066091,0.267773439655975,-0.19814852513761397
0.438623095225087,0.6644043430842139,-0.455930333366623,0.362653475976851,0.232267407084281,0.0436432022492454
-0.37842665718526797,0.13660714667302598,0.0339848661280314,0.271194828326924,-2.3335377365655203,-0.13995199547868398
-0.260961632008733,-0.8190886191696629,0.0567921404806258,-0.306793254010188,-8.1596170897535e-05,0.430552208792725
-0.244145311443126,-0.550822656404602,1.13915578035942,0.708124190749537,-0.284834131252111,-0.0167865476576681
0.36733852240411696,-0.38521265613750005,0.100580201999646,-1.0289587785949201,-0.242721291283392,-0.6836843099811961
-0.487164909335104,0.147246790368512,-0.167537460976556,-1.18040110736658,-0.9744674048262529,-0.4485008250932871
-0.320841597617734,-0.80712897607737,-0.503845046808076,0.0819204623775408,-0.6920456491453779,-0.250044349083177
-0.21861835891890302,-0.33156332607362,-0.4892036052608901,0.27427350053644395,0.387365070723329,-0.39853968738291207
0.5085441083410879,-0.333099093754494,-1.09319877094521,-0.111788689158873,-0.0328458205177378,-1.89675058628122
-0.21486175557088602,-0.27875176824941994,0.138551982278855,-0.75783953450157,-0.37304068444622906,-0.24632103293607605
0.26175719369906303,-0.113814920172657,-0.11964595199198401,-0.23376397921616,-0.6431169495966921,-0.5537853719229591
0.672810964992215,-0.0289965294231156,-0.926033685171092,-0.0779990049343667,-0.172270536499406,-0.5125894290420421
-0.0799211620419814,-0.8132678945106179,0.39006237794354903,0.28788095594113106,0.420501227725942,0.0210548883539864
0.0948740599415994,-1.2065629556181001,-0.0389396915562132,0.0264891596167149,-0.23086286795160602,-0.13672520425429502
0.32118841691687705,0.0569146869572758,-0.34056106847106005,0.37723917361182796,0.145022756949418,0.17111541383883
-0.0170210215536861,0.199972443905585,-0.175680965370094,0.11857036542692999,-0.673818858836666,0.31410664073723
0.19164760367089498,0.21391774570382302,-0.23047059030471,0.7308971045095369,-0.0513460523640602,0.681311988418134
-0.00564837853879314,0.0373161128277003,0.00220600829473021,-0.108345551029311,-0.0974181356975766,0.297490051527231
-0.20522974905924302,0.32803724993008504,0.7705283992937081,0.227475852500554,-0.333493266939362,-0.18905141338201395
0.28470110812142896,-0.80765229100907,0.291365078259762,0.902460072857505,-0.864995978659052,-0.650274667669816
0.287709417633245,0.0857398580398163,-0.132275583046514,-0.0868894673670862,-0.272812766007388,-0.347200492740598
0.0294263587312503,-0.342810191021247,0.40942893374045397,-0.8295015925440059,0.0073079902287255406,0.343856158119755
0.9505129615944101,-0.27718111216524,0.249959477034637,-0.567852299746838,0.414798383930444,-0.804249962390086
0.341483735509642,-0.8155360627978722,-0.45143874891754,0.16100534418129,0.34013841805023404,-0.7441659613528021
0.142789386583736,-0.45759862472307006,-0.18952308726767897,-0.11567052263019802,-0.8550145632351871,0.574266550188765
-1.20683274997945,-1.32816952073079,-0.20709575122612198,-0.0422807879875766,-0.484396476550069,-0.217415344413649
0.11393772569561599,0.42167482862978006,-0.65278362797525,0.21924822201788702,-1.4057783841175402,-0.404465081982184
-0.148865514358061,-1.7917501660463402,0.832550161941992,-0.0310094746651413,0.45771072638025606,-0.6699105406696539
-0.604514318679347,0.00112792604239803,-0.0652890251743737,-0.463894090080949,-0.463675196156639,-0.500316493499251
-0.8213300570319492,-0.531032774698088,-0.333685558814724,0.335738142772094,-0.0839675797924078,-0.46708599506504705
0.159863209494307,-0.37746137522932105,-0.5184341399718959,-0.297842640933483,-0.660128444010401,-1.42984646027744
-0.3590894200401429,-0.928714379295369,-0.214986150362137,-0.545056778762285,-1.50934527048017,-0.366262786369334
0.322937690777262,-0.300959962267041,-0.0814080163559745,-0.13579061162300898,-1.71598208468596,-0.300544199388788
-0.00826875378500941,-0.0825473308768806,-0.60363630886498,-0.11073669815689698,-1.28733567776199,-0.40737983141906103
-0.0728305961200926,0.329556371025896,0.164867814418198,-0.921556933232891,0.0755142176821259,-0.202436907110661
-0.522721073952148,-0.0263446687189677,0.267877225011667,-0.25196154783688696,0.500561514055155,-0.215212311816145
-0.124063221059794,0.4087684431212321,-0.167583710642474,0.197736975931488,0.108937224655318,-0.0280466245291291
0.0624233155236543,0.6366486248679339,-0.19431950767310702,0.0470474156164989,-0.176749427778145,-0.524823286578827
-0.12616757008753698,0.0425759127563739,0.16554841392009198,0.42945644496978297,0.300181607765778,-0.326628205219347
0.061998155823123,-0.0168458339370566,-0.33503600896866803,-0.0117361076573557,0.298202397270345,0.380738960290952
0.165283847349547,0.161336208989865,-1.06110926350487,-0.171318906111661,-0.20973897383647602,0.594269344101247
0.00195274141791377,-0.219539259481371,-0.802248278344396,-0.222876159206304,-0.544090227859336,-0.343943374496968
-0.262792100875174,-1.7739612243350602,0.0389565241237262,-0.820997071942333,0.5226569531133599,0.0286385763321464
-0.3882229770098929,-1.4333345324428302,-0.48143334135525206,-0.0454553411481326,-0.19651760408519298,0.422988339508544
-0.0564892499809326,-1.13613211672501,-0.4483849806960721,-0.45876056873228793,0.0323676013544489,0.25114181100044103
-0.496768046073897,0.42653338248028005,0.324164731112075,-0.238016847806299,-1.2342342305562,0.0775694598862499
-0.46258804924029795,0.305694166317662,-1.17695597311544,-0.20006641912544798,0.309362938670672,0.334472652314463
0.126237409469247,0.22696032277734,-1.3744961841053998,0.574323499399078,0.0403375672260225,-0.48864421624321797
-0.0836965184936964,-0.0255825129617422,-0.213759478943552,-0.08384473888414,-0.16927172388482,0.21244600168567804
0.0688116521732018,0.35987076528500395,0.272424519876921,-0.0317463675585787,0.0469476444458196,-0.220539414238064
-0.0407134301395865,-0.142795674404478,-1.4806737501022398,-0.233212070465737,-0.839627135706075,0.40748545231410793
-0.56870039280772,-0.190218864624422,-0.984914979792708,-0.133248362811121,-0.0258043273295613,-0.438385039773101
-0.0922821316594814,0.114244675381998,-0.9523208018552409,-0.7472268630654201,-0.380007852130614,-0.6025530216725239
0.18523383679381897,-0.918879915912133,0.252398219182305,-0.575382888302552,-0.253819021555285,-0.0831830414596729
0.17746740567053101,-0.252305509270266,-0.0598335368267118,-0.296835422868336,-0.24038300228003898,0.127818047462197
-0.6861237371002011,-0.9029967496177751,0.30469241983827,0.385224520724318,-0.11599142713820401,-0.506345323593967
-0.35284716115525105,-0.9000426341206221,-0.618871453258259,0.0069379796368195705,-0.152322097311079,1.23655322713139
-0.0877638149358594,-0.5092348808631889,0.14280383073918804,-1.0978842852811501,-0.276167922651109,0.24347326415496498
-0.0358537247978039,0.4000526938572279,0.11040576067111699,0.639194059710445,0.210681355454356,0.204452366607401
-0.393745091822954,0.17516477811313197,0.451723314974133,-0.45528237396136,-0.0159962322269978,0.44994507717474297
0.309057016793851,-0.0706211754205712,-0.137646555083564,0.16613673117288097,0.230831101450911,-0.134522390838251
-1.14483035400987,-0.16799720114035402,-0.0917855042975308,-0.0188488277057022,-0.6842791530685981,0.0437349175459258
-0.5825357997673721,-0.530551764576306,-0.13170039686731,-0.237077908695243,-0.31251704979646305,-0.0803974724831396
0.239489685967054,-0.11730531904452,-0.126957478986262,-0.214861136583046,0.128276551373386,-0.0468725931681852
-0.38632715787107297,0.854716683607674,0.10030615061544901,0.23984228684953499,-0.599363842700694,0.0704558294800759
-0.260256657938629,0.10700047694193901,-0.7241764537579609,-0.0453965291380281,-0.670075886434176,-0.00912402123382896
-0.315874263995952,0.15041308619181698,0.39913643582969105,0.141824966124315,-0.696103355420149,-0.6688128012470079
-0.10740970439638801,-0.138039988894483,-0.415989357420804,-0.0788489009032426,0.19346574837190503,-0.432633060657015
0.44604164169645005,-0.443160380599873,0.217619297464217,-0.442142951403115,-0.282644973289909,-0.418809983464201
-0.687625615199902,-1.27367730594868,0.121320453672873,0.0670322100604707,0.598592736808569,0.21623839488417398
-0.5926551488351479,-0.321300732653903,0.0457869355198551,-0.106071927274484,0.0972501373183342,-0.264187869658914
-0.688977799275033,-0.333664337546309,-0.0032730572538227,-0.188215054538626,-0.8008322066925692,1.4293024868323703
-0.139187888876676,-0.525661237810988,0.180655508860781,0.36496445723263105,0.6720875714053531,0.32326990401942307
-0.5723661773930699,0.36865518285909793,0.683763998670521,0.00858150567327438,-0.21597198495852502,-0.0272697178119224
0.14879718279048598,-0.5502294619250849,-0.205298504606117,-0.172506548168804,-0.45302468328282197,-0.9814920081993671
0.22444084661240601,0.306562960157229,-0.0239033910649778,-0.30924268765046803,-0.5537778798359789,0.0704207552830431
-0.205898078945836,-0.17494653582946398,-0.431470623039326,0.5266733263824871,-0.450439529499311,-0.5152021572060129
-0.276374952184628,-0.4355860093277121,0.15144464877274402,0.378528684716371,0.612293440158578,-0.42779460861502505
-0.22010347383359,-0.0533149546832628,0.0332662732827929,0.16164897780937698,-0.12164353400769001,0.723025483960972
0.159175715030865,-0.477247259330305,0.6667972481937471,0.705765175157391,0.323496750581396,-0.16127439872627802
-0.479094192975252,0.9905024115393319,0.163669904991961,0.320148478418912,-0.490446043492338,0.32891769221461603
0.402342533275935,0.41157390299757396,0.179894028196691,-0.12902624584408098,-0.118056308518165,0.299626647609465
-0.39718112707287795,0.018000631699259997,0.0239027537504581,-0.0436298147447853,1.01090183775872,-0.0262296507587883
0.17576711146786803,-0.5406558940398261,0.625653604337375,-0.0164064320362168,-1.28112304985324,-1.07883543598736
-0.165036081313171,-0.568462328204876,-0.331750170416807,0.3591720585879079,-0.439251475080359,0.5733397099815489
0.35564069065345794,-0.0789115516506257,-0.778796723562042,0.466018598555514,-0.335247657111437,0.283228896583817
-0.0646334744840932,0.476532138849849,-0.507867940564007,-0.0438751902543941,0.0848759142399137,0.331727182886486
0.00369989728728664,-0.43509566616541206,-1.81918955897349,0.0572967093125401,-0.227032356693659,-0.50754787555003
0.184536615708177,0.643397991185497,-0.0627741539582756,0.0356065334880155,-0.37070763252215205,0.22693900996316602
-0.356394807217692,0.319424934809272,0.00774734759923487,0.10121014136582,-0.0510646577094905,-0.52754589634432
-0.0838114918937771,0.0827178693342595,0.5896077238476171,-0.367089750300932,-0.654247832386254,-0.554698737636844
-0.5956781859212739,-0.130391119761437,0.0664205981996954,-0.150535828733232,-0.92827954757472,-0.24902786089713602
0.0019111010711005,-0.7715366883805759,-0.0875706019847838,-0.468610890644884,-1.17950311310444,-0.430654047933448
-0.5655765259814489,-0.351952790475334,-0.366694915332586,0.0183077643060369,-0.546390378837233,0.262584983092756
-0.192457640169633,-0.44558255314329104,-0.0467970295854328,0.458644129302467,-0.622319371256733,0.22053783017127998
0.0394380910428668,0.6951024824374339,-0.22544676084522,-0.47212057571375704,-0.711682451806933,0.12363280045234401
0.12028637020754598,-0.397041664218581,-0.32062244824229197,0.6898297267732011,0.0954083042677077,-0.35135824110053493
0.181941969169311,-0.897474846956408,-0.883190078919055,-0.269352823949315,-1.0719304572647799,0.622389953957572
-0.32210281690550496,-0.290088915126919,2.6910638937282205,0.31055451442333604,0.20560785294531897,-0.6667508694239711
0.11266068354887199,0.23116600526395603,0.25734167995651896,-0.374281658366509,0.157161275632203,-0.7697812677365771
-0.923886540890422,0.0466604644907119,-0.0885634163670674,0.0722258148059598,0.0938484905624927,-0.255115403322566
0.144383573045539,-0.702657622911018,-0.118635067631841,0.24705550385022,-0.34022879567547404,-0.12518543999441198
0.0554755422745619,1.10417821051006,0.117265937114984,0.041932438721333,0.21755596438937302,2.7819064810815197
-0.7169946824744541,-0.0768371294634732,0.0936699730847309,-0.616695467569527,0.465801325608998,2.47620457181142
-0.7742089906367611,0.348052704061523,-0.19581276773875103,-0.43772360888033895,-0.0181627600983743,2.6679592013454303
-0.6824816707969661,-1.2066144777118402,0.33886676984710307,-0.0635268922469255,-0.0269593981820604,-0.29702678141911
-1.10263239744519,0.0312840885067049,-0.15802585950302,-0.0809129452572184,-0.486725696292391,-0.0229226347635057
0.36963517285729297,-0.401770589357174,-0.570129994410693,-0.322594393427363,0.0994935670009493,-0.870677146433385
-0.0324042177411284,0.0387068952377413,-0.591119450283584,0.31454805939327096,-0.0704831581904221,1.03745568855575
-0.47470460610340903,-0.97962686325949,0.17755979763969001,0.407798838186599,-0.130826685160945,-0.41000523192196003
-0.0919693286864623,-0.446978025676025,0.10987956976200801,-0.0282618270999301,-0.5253885948401931,0.0731642837208412
-0.0512029426542039,-0.30115311850812104,0.0395525001784833,0.11572089512027801,-0.557896880002268,-0.7282387512717041
-0.155339099025607,-0.228510717249456,0.36092601883767106,-0.502767770819184,-0.193558059599927,0.24282430936918104
-0.38161994310478703,0.0710311783370582,-0.0763730772452662,-0.587146946042618,0.174540265186444,0.207080236432848
0.698818703907907,-0.0347183872974889,-0.230898743610285,0.38069425082091296,-0.692027727541317,-0.37955883667531604
-0.0937280077013602,2.44054898472948,0.0208759869550157,-0.23645812030028499,0.188692545277982,0.335658091720754
-1.12795679890023,0.594232889784778,0.0897035227955201,-0.47651926351292206,-0.229898503441773,-0.488411641600414
-1.02378276498418,-0.0586248489436909,-0.235652485141521,-0.242656437576662,0.17099393951315697,-0.308092068402259
-0.120365358360584,1.38219823416897,-0.32555903622477195,-0.0666812270460588,0.14383610182599602,-0.26844902637742
3.02242185257073,-0.123317359025535,-0.35128826556021603,-0.7830895028589558,-0.256855475717981,-0.134987241188903
-0.11423150968706598,0.6756473403190211,-0.33938259236146695,-0.423848124539995,-0.231346781581695,-0.151556851472221
2.2984420890659503,0.442003921079252,0.0544362125470078,-0.136293581564707,-0.438072181377204,-0.426624254814007
0.9202296910289921,-0.9577748665180029,-0.22576452369345498,-0.182836634583067,-0.0833918372783019,-0.430662744434762
0.8276463026364341,-0.260232296629106,0.215296938636879,-0.302360390966085,-0.0958667982871096,0.0781033543593829
-0.18958775822503499,-0.166870841334365,-0.7053396730919631,0.7017816186038579,-0.145855453819086,0.222026217454399
0.267730142348587,0.329304827925953,0.9812616855614971,0.129589979568026,-0.111425608262283,-0.1139889218011
-0.110662950998422,0.627972943872624,0.23269581595258299,0.915908872753994,0.9063306561066079,-1.28558244596013
0.23073777413803898,-0.36307650749661297,-0.78061080421277,-0.480662709094955,0.0715878018761188,0.081527797328341
0.0251003917646337,0.196324826514371,0.0303985398155913,-0.47632282632831396,0.27097537592349896,-0.33536800561595503
0.25423688509652803,0.157112121717689,-0.420576180937741,0.6450805580936171,0.0279514713181955,-0.44054315931323795
-0.295781056530651,-0.297950541534883,-0.8167223004222048,-0.452384930264685,-0.30872241780650395,0.677433991486811
-0.329017524127841,0.0390972949705458,0.537029002103138,0.147374423282646,-0.300773769672998,0.20541239905830602
-0.573128387589996,-0.48671792984001705,-0.580752086715568,-0.760541749178028,-0.33707801601143894,0.47461436614115904
0.711650101689274,-0.120550268450257,-0.42191696570439,0.218660217323007,-0.285381117274066,0.0601145692292465
0.713182191777285,-0.21190644336059,-0.7785646590633459,0.0218634817432254,-0.21975262694823702,0.466605035483933
-0.0945052779756773,-0.118403582627574,-0.498073979376072,0.0387779522400217,-1.53461946432655,-0.45568990742263205
0.201751097860774,-0.320732162255761,-0.543929884322885,-0.0331023493291308,-0.645997235249687,-0.212928318275409
0.146967134017737,-0.327984604137654,-0.30467204521346997,0.8204278298976929,0.8973376566846551,-0.27430088721273
-0.48118695915455795,0.22150023281966802,-0.19943966070414998,0.39934531323285705,2.4084139179254103,-0.14041065338018802
0.0143449829107594,0.7338808029868029,0.21754458391489603,0.0875242201491747,-0.8950038041936239,-0.7516014867247329
-0.398780068466969,-0.0189389925840211,-0.0442401800163919,-0.19571630702048898,-0.4393346667982,0.701156740132443
0.0186892739567258,-0.17672314874633896,-0.240022954017748,0.0396179992906153,-1.11852092777735,0.36338490490078496
-0.10033382893066499,0.25222782060491,-0.0161241516129865,-0.585373625961367,-0.891716764365385,0.274504549953772
-0.300383523989748,0.5857385502385171,-0.0665616191436119,0.0165677761040485,0.44089867675409494,-0.200388755690766
0.906382989300732,-0.0147748590561399,-0.594918792567709,-0.36315038012528206,0.501885058377483,-0.17509735698753603
-0.22239666016691897,0.0401250257665389,0.0348639502633039,-0.22158718461963697,0.00830976287750358,-0.6915840358954171
-0.24378497877277103,-0.30144995863319896,0.8183045215233891,0.302500963729277,-0.129641974126287,0.153780098453828
-0.288420848041916,-0.749132796596867,0.200044086326355,-0.36178365979305105,-0.258260998251309,0.913977641267914
-0.5545908628583299,0.264230311658912,-1.12352145838643,-0.829469450430436,-0.460191537392971,-0.814532124723398
-0.323392344493291,-0.604863561062724,0.6241436830249589,0.682527846659566,-0.3958041988718929,1.51464692585545
0.16020753948468,-0.0963200633000301,-0.0663258187998669,0.799639873009482,2.33086782768973,1.144682462069
0.0291862142287654,0.6116982840607571,-0.20446657069833202,0.21607557362433702,0.7160992837546779,1.04275746630563
-0.260907461042737,-0.647450511007681,0.7651229795964509,-0.447721267079959,0.6970447199408071,1.01460873134987
-0.24184334817360398,-0.0583487987930077,0.4676731432503521,-0.8340913747598441,-0.42126635943071,0.0382617841546803
-0.24925435209916,-0.18936634694923002,-0.142338914104068,-0.15345779817298402,-0.670975659350444,0.665499065529916
-0.00699111212139509,-0.8327006493134391,0.794254493166365,-0.317866503554229,-0.0728113089482663,-0.34923444507958
0.0440004756014944,-0.6077859999142651,0.30616687931580605,-1.02720065387829,0.5994239536552379,1.01258570308911
0.196595815596393,-0.327242485787391,-0.8032231476681371,-0.0787897665555065,-0.549018124201981,-0.49233082894535996
0.21089442008952,-0.0271296528091261,0.302671316037875,-0.31994699159086604,0.0014511342184569099,-0.167404668091286
0.214516623468281,-0.11194493632981499,-0.0737547713601779,0.442459710322414,0.21156981035657701,-0.114226791039905
0.297581305244895,-0.0725883697721589,0.299724244684951,1.13825236879781,-0.443948138541293,-0.617825004907629
-0.29405982655756896,-0.36952900875955796,0.3787356129927679,0.8063472276021229,0.272326758731738,0.9840970911708629
-0.474217805997317,-0.297882325510606,-1.28930634165914,-0.206373216437404,0.0366801430766677,0.53029564362644
-0.253333709447617,0.49190591278919205,0.0785513954875531,0.5301584214218901,-0.0050637618810767705,0.5895573632957171
-0.6026346495692739,-0.403495933750141,-0.28015894509561495,-0.0590467114644218,0.11726087814078599,-0.6417818808628539
3.9816850894397997,-0.954347188732636,-0.470534841950869,-0.24419158826602302,0.551665560282449,0.7951681857138241
0.393654486665716,-0.7025061370383139,0.6583047311065661,0.9741964082841159,0.0704449915268277,0.414635181271294
0.4110413992611429,0.954231908583445,-0.345337810517921,-0.0264163832657982,0.236099924346155,0.13436863354177303
0.027705717244738998,0.390223963705008,-0.44635348800613106,-0.374656480842868,-0.303017411377752,0.42015257132350103
-0.0498117862708911,-0.512307456439691,-0.441853883743133,0.15836508021586598,-0.6505909458083871,0.5499286100005799
-0.43883065680083505,0.108425101732664,-0.21825784443464202,-0.36086626622767204,0.0563036994095272,-0.13117817361735
0.576150248270856,-0.651460778069864,0.113725975768014,0.126287195736349,-0.22081062063140697,1.19620559277546
0.10698092081317,-0.16487202145807997,-0.31618669015726397,-0.21073951377580802,-0.696412811142303,0.6000035385151179
0.520329644509762,0.10356173387111399,-0.5824108376637679,-0.32748505593776694,-0.600029424460449,0.378661468047781
-0.320927630338384,-0.22694486535200398,-0.652697354284818,-0.150427257928516,-0.597516449649484,-0.937344806339293
-0.6447690391162529,0.32353140835093397,0.336277997944208,0.250086713976201,0.256799121353059,-0.6845859110112751
0.15123297448863599,-0.739866687367868,0.38126696459537995,0.332926657719896,-0.18732503981922302,-0.505937135157874
-0.435632001542345,-0.247337733425655,-0.0265762116429584,-0.0405454636762544,0.3560679757244679,0.9208355195220341
-0.864710743307828,-0.671860634917277,0.0707348562253037,-0.725339217979782,-0.527343651099324,0.249334152675233
-0.18950480317538101,-0.702847342035459,0.877852559204612,-0.0380145336321061,0.575446612948897,-0.0383899208378096
-0.531300585641156,-0.316149799423583,-0.8965724442200691,0.961500339380167,0.235103599386623,-0.28858982958191903
-0.23593542167705603,-0.24083161828847602,-0.879491935245125,-0.282225601695639,-0.750185470372833,-1.2194774625050702
-0.641123839197249,0.0244997171792766,-0.619595164563056,0.30666165457867606,-0.31091248243566805,0.7000090757647979
-0.289698789632622,0.160587741831306,-0.328183977652882,-0.0675760505618019,0.145241758497407,-0.31956069310217605
0.495527113621555,-0.0431584613013953,-0.497338167991831,-0.118390899935237,-0.590958393691974,-0.6315305411126071
-0.851167034716606,0.205450743950883,-0.349393211966174,-0.41576773582452,0.20594951921211202,-0.6744110931124591
0.5547088000328689,0.13948258867615698,0.0162409844169024,-0.478599004106948,0.0553502227616927,0.5770704083955209
0.6720003708357289,-0.348135730811878,-0.10899671601870099,0.27499914758884003,0.37683886410947703,-0.421380944103589
-0.21158774784686,-0.576254339883734,0.18067390340982797,-0.40541207901529797,0.18921064773781401,0.5547376502792789
-0.37000943734504105,-0.375464687545808,0.7315227854796529,-0.11821613723733501,0.0988653191642972,0.35181113439685807
-0.8483344050996658,0.8357032460871591,0.244252597767536,0.064827651177154,0.273965179832857,-0.0687383560795426
0.79603798342612,0.186076542660865,0.0793800603179893,-0.744813008635125,-0.313575212226534,-0.265845877343802
0.115858995882929,-0.194982353075643,-0.194209268248271,0.9260545075443649,-0.158606458416992,-0.204895026601107
-0.467318470077682,-0.6526685530179139,0.0667715396335653,2.08934120811702,-0.960467274901555,-0.486837456407498
1.09971783298269,0.114729352125248,-0.594903834242242,-0.121424755400842,-0.17284491674120703,-0.5440263602027899
-0.230353381015668,0.6170825371490289,0.29052656312678105,-0.0976866249420651,0.324883185324414,0.15996521259477803
0.7504827563975541,-0.723179146197573,-0.558053194361635,0.28525332969968703,0.17199605038607998,0.0575694057394713
-0.617713215243653,0.7133139725478259,-0.0103838290027576,0.334805034504299,0.36245470298517696,0.8566643785275191
-0.7963353118513019,-0.442696905521055,-0.035992517699228996,0.25943030920779603,-0.12724522113256698,0.114536943276577
-0.257194064095449,-0.6000122162960531,0.19536232843404003,-0.0050814882523123606,0.171096699095725,0.34798726131082
-0.260409420713284,-0.23783100438094898,-0.478895799170049,0.44819527401947995,0.44742925971191994,0.139336981821719
-0.7912283665600028,0.3633034999760229,-0.6704277084059399,0.47777228214682704,0.156522021340991,0.0993902628218242
-0.15569639920743697,-0.0017083090009380301,0.17223012640592802,-0.0526591240935011,-0.5383720200442239,-0.725625364016605
-0.242013791637404,-0.41354064787275396,-0.14936761684504402,0.27316100152206,-0.355661947463359,0.16379175995526402
-0.203657398613784,0.9413155771841021,0.508418106931241,0.0869150080914745,0.657867778794021,-0.855305263524375
0.29111498882613696,0.379822616739171,-0.23170838927263201,-0.334416209842377,-0.0470864496682674,-0.00797890921157264
0.242147725364534,0.169835483880543,-0.202219173496196,0.344292559862139,0.269066573892617,-0.10664964437972
-0.0890625798096454,-0.42628078770534,0.33563016575150295,-0.301559921766652,0.37315918978796797,0.430511550495046
-0.11519235446994802,0.554042986444213,-0.6256797706909799,-0.9598004855482399,-0.0111166775791941,-0.586230922014011
-2.13958809119039,0.5384810989059029,0.453620016695706,-1.0129802756200799,0.39151194768699293,-0.16379899910453902
-0.0246711716845386,-0.0432568760559737,-0.38169323443625397,-0.7150507374284351,-0.45582086621565,0.0468765773351203
-0.445338775210461,0.229674957569588,0.20519653672369897,-0.26952548055442105,0.36468242124715605,0.0296075153213641
-0.143496695642625,0.35144522214745,-0.0624588499645877,-0.12685586313798403,0.6996050317152479,-0.390054119680579
0.490047663022781,-0.16911785724975797,0.0907743387190542,0.344827909187856,-0.0931888282913801,-0.4907397356778879
-0.448259513274794,0.36638152513061606,-0.722799344673968,0.0771819610520254,-0.53158525127223,0.326859540364079
-0.201812611731015,-0.37465035997390295,-0.53086143667519,0.0364033499371292,-0.20160533255322002,-0.407377026059056
-0.11913192434516301,0.556593232351086,-0.23094302387017498,-0.0693352889086485,-0.559900547078003,-0.432453949991647
0.140917303573128,0.0941607254620209,0.263290625846743,-0.575801127120511,0.276924757307525,-0.599317818413468
-0.10277168710385699,0.42677919082985205,0.41913334681110503,0.156130206524042,0.38408510181144395,0.10388417686725501
0.43654212333563597,0.752632669763614,-0.0879771771561746,-0.5205724535541789,0.479087239958947,0.606336029140814
-0.124293706442676,-0.9106945719384019,-0.528834526362252,-0.7984132201089542,-0.0856582631869252,-0.40274418385872796
-0.268104306880157,0.26160739919292497,0.0547457758328189,0.0756718702086862,-0.7632892387411528,-0.0122817958816045
-0.14097612018883202,0.505037721810462,-1.18850848617131,-0.40866770737548297,-0.8300871608443791,1.151258733163
-0.755228135011552,-0.8427596791266291,-0.8985171836518641,-0.6193509456526121,0.478974915600531,0.853274075828225
-0.004698244505065829,1.27846224699089,0.29300787053259497,0.15749987023969597,0.14588076713001802,-0.0535503625753577
-0.425465778672927,-0.6104883691357851,-0.128185796892587,-0.662022598594117,-0.36811754664199897,0.719333290592036
-0.838543809539548,-0.10316800066410499,0.0638875359990766,-0.432111812001261,-0.0099503665212049,0.12253841559003
-0.331017328941828,0.279043920891273,0.415017846729871,-0.604595589418752,-0.416285025791534,-0.27343167067755797
0.428004860908899,0.48841242355393893,0.0464282001654647,-0.7230728847724749,0.558019724111169,-0.6811145142253571
-0.0894429777161579,0.270115620254969,0.826905344465532,-1.08559127924145,0.8064269256065291,-0.966815190421765
-0.226992223369172,-0.543163501773295,0.629718659651949,0.0611949292461163,0.6299024925893051,-0.244585428199236
0.31931004016328995,-0.315654846456713,-0.317321161110119,0.699915341982006,0.31903856324735197,0.5686161794595009
0.16840234673301802,0.238852643540934,0.100116434286268,0.162622212477876,-0.321082948263062,-0.20227934654312302
0.36244705470654,-0.318626228650195,0.15758925718225,-0.5412902964593621,0.14835369842656,0.357719319010739
2.15583091790147,0.429269812407407,0.329163060792432,0.325722079157398,0.482670635761012,0.429692844039339
0.5533958404052199,-0.645480551966289,0.223142085799038,0.769807694899593,0.567926764727888,0.640825984661376
3.0195157963879597,-0.247484427679506,0.0411330287078388,0.28143467242875,0.38998309216178106,0.0520259376783823
0.00328374945019156,0.7680342624351271,-0.305947920702818,-0.224846561692202,0.631671696056317,0.49079397610796005
-0.47499452464112496,-0.458780728558245,0.0856969553530379,-0.265803426280812,0.232764387670147,0.173789638450914
-1.3932910186032799,-0.0521115403025481,-0.28547830426745197,0.21710234018160002,-0.041879855520309,-0.5854886868807889
0.56378615919314,-0.10256279892427803,-0.20953257282906101,-0.36717293118177396,0.709878643273087,0.610546392404282
0.0550635777955775,0.0918622002833535,0.387789066877223,-1.02988096287261,-0.7624118540567459,0.214207291217291
0.184908327365118,0.457695208315188,0.0220604672231823,0.513211366195687,0.511514244982483,1.26745409891107
0.20848575269327,0.0621740082099209,0.738110915205128,0.0670616275365563,0.62946816393055,0.623843584166696
0.050781812287948,-0.5615215487951629,0.760003576734915,0.29076723796452697,0.683262250900713,0.688941085367231
-0.17741302526565697,0.499551688562646,0.116910205837953,1.20748680307819,0.34287926002992497,-0.132723155379157
0.5227890928639229,0.6914294402757889,-0.43645972535270505,0.191313655094743,0.30706119571592,0.285146130954188
0.167836389262879,0.644816322057578,0.410365597438952,0.7002655542198191,-0.0895853814703254,0.338194543765996
0.254707077824941,0.0925169414865327,0.0962881333658607,0.9926702545632149,0.35523146352751295,0.156321933988266
-0.067200906447905,0.759629029775524,0.5321360225574171,0.9290129072505771,0.828663448469654,0.715815971867403
0.34016434046935,0.18704145887658,0.519116863968501,-0.106887544730377,-0.148637189313179,-0.0428184765032761
0.0182004571294944,-0.24231429170486302,0.34583797168950997,0.6514409257017559,-0.0014227404415705599,0.477409731208136
-0.0501905537279741,0.225918080952173,0.437846169767674,-0.180262104869461,1.0346717400619398,0.07162971746039
-0.0982413987702472,0.7159112790230558,0.104137079889818,0.32330359066501196,0.16694383462667498,-0.5385470953256231
-0.31003261440744606,-0.137984186804966,1.4687215459585,0.7157766831638249,0.0044115087723071,0.0549925421779056
-0.0235739086551403,-0.3912349044531421,0.227717382949468,0.0430719837465971,0.7271156582609449,-0.426886347587049
-0.0491475045264193,-0.120324305634137,-0.33029004778527504,0.39119342508263105,-0.12171134441459,-0.860735516104414
0.737792994423168,-0.125428156432562,0.20897055964881503,0.55408255787798,0.23856040389067001,-0.16637106543528898
0.388603820611586,0.0646549194804551,1.27791797102011,-0.47803807687820793,0.618952330846999,-0.348277329583205
0.5128677706405179,-0.134451672204435,0.368942561810484,0.45317492648797497,0.511327682071714,0.132954846763432
0.0651779487624204,0.0929267495960866,-0.7836961047219508,-0.104456446340675,0.628024033654811,-0.11530137200235599
0.651203753154349,0.0282070799626915,-0.6364883931827641,0.0254468178786629,0.0421968884119765,-0.41705508563287197
-0.34214348509977305,0.199203767948728,-0.35363451905455,0.15131591247738,0.23888432511178698,-0.5063066705727379
-0.0465137703057877,0.18689281234653196,-0.482285663990767,0.680598537725292,-0.238131891694332,-0.21026795620717398
0.959853635141132,0.47044342575423903,0.163790055738216,1.0146137146719498,0.23317108940146,0.284626765937102
0.47728101579118104,0.0836675863377153,0.42713840285750704,0.335400422446678,-0.202667359840005,-0.0076142440061479
0.6233597432327691,-0.0996773318221706,1.7394157777477,0.45991181196474,-0.0558925035481618,0.320014073650594
0.502042201056545,0.6170136945927671,2.6636293988927298,0.15647406616370702,-0.194473007459108,1.08021409478156
0.24375753191585198,-0.0390670964362356,-0.6768737269180239,-0.514644504306248,-0.40175842660779,0.5001696969144129
0.35923261967044207,0.43255314887112295,-1.03078133869438,0.507947336206502,-0.23773092506225602,0.665611929113135
0.808847171605366,-0.024669570197716,-0.6234100440865339,-0.6795108693142521,-0.265257467888928,0.169546015781169
0.36971846266561503,0.645922406783177,-0.587881760592598,-0.675952807692508,-0.8114505437364941,0.0348031658146953
-0.42214060202295794,0.0653541954448023,0.333772735521518,-0.4794146296610589,0.9597818314149951,0.28794514964355
-0.6106504100306129,0.0575074024420924,-0.279630669945485,-0.323979588618444,0.152690640271689,0.328530107909855
-0.382860339756959,1.17366975177556,-1.0748550242902601,-0.187290707367204,-0.208713700108286,0.24595642456748396
-0.24464482609904997,0.107500442675394,-0.8964148197180909,0.0558437055262176,0.999646550591055,0.0118368224463202
-0.18653709463461499,0.11589866113997599,-0.37110242363710905,-0.18660142740313396,0.0390595111307289,-0.162865317709174
0.145091893107559,-0.788478211226246,-0.5715652662156171,0.370795159788391,-0.737283839404884,-0.5427363438286911
-0.368187161894248,0.48207945349042497,0.40432871011711896,-0.205593396692045,0.765650419156926,-0.344992875410646
0.35054979313687706,-0.0545219806251783,-0.491929905158863,-0.0241193833588573,-0.41742339379718496,-0.38786820288169205
-0.6543274571771569,0.265791860436261,-0.22293212637571697,-0.8887538143884641,1.10967863979124,0.00045617758148491506
-0.532360941641581,-1.0594937227944399,-0.6442610139816689,-0.182047924332918,0.10422402164515,-1.03210132226067
-0.680703248955674,-0.320273407581177,-0.0629881013775124,-0.40622407166278296,-0.5924540564986911,0.000745772528261813
-0.0519929793269304,-0.811373328247582,0.661540610015565,0.39921138197150796,-0.31885968993607106,-0.9877363236160721
-0.42869729921072103,-0.6134098130147281,0.125936028766365,-0.42536525443531903,-0.9436035406549879,0.358362666002234
-0.0295884586585492,-1.0751584609957099,-0.386362989225471,-0.0136954634772884,0.278183585659461,0.215159442475028
-0.00702657903414866,0.45596202141758096,-0.6134983692380761,0.517284015550411,0.34600705252626,0.16085479470850303
-0.19127140030108103,0.23405284321976896,-0.236247193305756,0.13309929558597197,-0.627746829760569,-0.532068797221525
1.00498684228687,-0.13500276477818698,-0.12018880892868901,0.38830318318825496,-0.15542144562698598,-0.160448868279833
-0.301556845514697,-0.0154516808641158,-0.21306547317422503,0.0274845494523036,-0.611525612279144,-1.32397341272952
-0.349251519414588,0.625792022381874,-0.6397748152562729,-0.8295316537801999,0.278105950682741,-0.58136983460553
-0.448867579604954,0.349397929551193,0.305508668767041,0.218981716912341,0.0141387942243091,-0.0850002888749831
-0.3715191623706429,0.0945568779205425,-0.33487447722868496,-0.38385027387446796,-0.126256996041102,0.306204111974322
-0.291915703633784,0.276980442653543,-1.0806573101730301,0.0418585019830859,-0.37767016853845,-0.0593280334735926
0.264724819316023,-0.13784833270548,-0.5992829419683879,-0.65994045547652,0.134558287247824,-0.11738918449669199
0.0745403698791538,0.304815230939701,-0.391825907026105,0.333086733006428,-0.210670229785202,-0.609716788716757
0.222135660835495,-0.617520112896667,0.0214700487557275,-0.32741798688025897,0.0105482635224877,-0.220288300251844
-0.43889882511366596,0.30040099614897897,-0.221725421420724,0.108066674904994,0.0233761515685301,-0.234800419473228
0.462987542577549,0.07269914090296001,-1.20435068962169,-0.523565271254579,-0.36304564280736895,0.16134493694345
0.006570863880337129,-0.796370347760607,-0.12029831682290598,-0.736510763104212,-0.577545725491347,0.0154892499347376
-0.0894976167119869,0.7488633503456709,-0.594350167275897,0.21260239189428698,-0.16532767873943602,-0.233122889528165
0.45265873229975107,-0.341713540118401,-0.338429091315898,0.11835780080463801,-0.14262812739853697,-0.257686060083056
-0.19165247800003196,-0.42976003687711606,-0.26039029582895895,-0.0461444733294246,0.291160988314222,0.32391488679149
-0.11269958327577699,-0.142500557878307,0.0817021703796563,-0.7128415591393729,-0.6442438937123199,0.280683733259174
0.449818667626791,-0.158397118891235,0.11985774283003998,-0.347683497540678,-0.225391774400471,-0.472169192475382
0.304269329333235,-0.0358581621558611,0.46396075539725296,-0.00900753136620432,-0.47052074893169893,-0.0843681599801837
-0.24589065744825603,-0.575365795808323,-0.299099422452975,-0.285242586300769,-0.497998997632143,-0.11831668777756199
-0.0603091599571599,-0.532101982639085,0.562689557481486,0.174624189720937,-0.0426570469759194,-0.527990355819484
-1.1153806728008702,-0.11964882286783197,0.118866017786297,0.44586254635836997,-0.14918751876702302,-0.712332362827248
-0.6428718805192409,0.35401715797322497,-0.42684310308900497,0.31602245619613,0.0369837072597731,0.291920628997428
-0.35027911660662503,0.286766458884276,-0.1604531782724,-0.432156466486346,0.30220717613535,0.131122644144126
0.0441238717252579,0.513633376896551,-0.20586689512870698,-0.379513030967359,0.71400848610213,0.16234996512617
-0.8296403572888921,0.132218690138015,0.651140167291335,0.406228018220112,-0.191747502783929,-0.0369486245286829
-1.12929958401993,0.183128514517507,-0.457240764677699,-0.20534011148665696,0.434660885672586,-0.341758586614282
-0.6285784146726271,0.344225291758318,-0.159477858660854,0.249428577541625,-0.21093647766465898,0.0360134041845717
-1.1478626351468402,0.5988671571964139,0.638635501580567,0.0712020378515512,-0.287852843013198,0.110026824113825
-0.330176546842093,0.38897032743143395,0.0782573022101409,-0.231467050732325,-0.0967869502938877,-1.07270520239951
0.663050816899,-0.0739580800730624,-0.12089673915788,0.157850374956528,0.0809216330740619,-0.464068509512981
-0.15265292933518101,0.17126188113925503,-0.307010140379766,-0.276800125964405,0.0545032686652438,0.197525509064816
0.553017999830277,0.249602219851203,-0.0243107159788472,-0.135039303256646,-0.583851148753796,-0.49062285447301096
0.35605005556845504,0.479410910789608,0.0768111481139241,-0.5028411324483479,-0.264016689140645,0.11647934218422198
0.4165993291331179,0.13030945010005698,0.0751451848024689,-0.324150189157247,0.34386038714993394,-0.0989996458872876
0.287009528397709,0.0606761603348861,0.590241387622927,0.17376548645308,-0.18683363127402,0.10439419982877499
0.82694313244305,0.21434253828665398,0.836752826136473,-0.0159208017409079,-0.174379508911796,0.440207932011294
-0.10200685976341302,0.6941427472650021,-0.191909653554481,-0.337143767148315,0.689875566118235,0.319245824279013
-0.122844185268027,-0.00932960835805678,0.47139246759439796,0.47357535338664003,0.42514829097787105,0.24335095524976802
0.194137945695566,-0.36611567081868895,0.8244814518386221,-0.6159712423133039,0.17806085442681302,0.3623756421396429
-0.0928528123859321,0.8867552515290791,-0.0145557134153057,-0.0701548205649055,0.270075939728809,-0.2928424243183089
-0.0614752977488092,0.145856795620036,-0.165792768397999,0.554704443793192,-0.0466576019471503,0.20779793138743602
-0.0674514564489202,-0.13140891802674198,-0.0640497507116975,0.015625649169231003,0.192455194104022,0.5671589787975141
0.533167350614163,0.247525214383754,-0.18720962277008604,0.00037515897066402203,-0.0832705224962938,-0.0766549253187357
-0.27145209723186703,-0.45924052973681,-0.492340895144086,0.6416916838399039,0.0980772643229378,-0.170912937951748
-0.14555875555235998,-0.130939545049503,-0.485981866484141,0.228030922087536,0.271616712736003,-0.20314889848444398
-0.0885569761954858,-0.0202696123579,-0.437238701072045,0.312508127991986,-0.674616843428221,0.143218369528791
0.11994987721108802,-0.10773633599913002,-0.288593413760477,0.14447694916702697,0.0387292392322904,-0.5133154136932659
0.06770878185376,0.31552172892866104,0.31809070863742306,0.0499938360268117,-0.11534968081259402,0.0904606305329162
0.173286268854128,-0.34296870409026103,-0.27044777483501603,-0.000708216986184475,0.14286389659763002,0.0431744037714142
0.453929863637575,0.501085881741534,-0.137963759528866,0.25899331892287103,0.120176528004017,-0.102494106233362
0.328529667314843,0.09436698134019401,0.508914568787628,-0.14740673949526598,0.552918733955525,0.7545977178692791
0.4875741199046621,-0.128257374369404,-0.24687745902273103,-0.513073617446811,-0.0267391114242058,0.0924355676558966
0.22698298066295602,-0.10951325546419,-0.148490380268707,0.31044909358684597,-0.0649741803082078,0.0443822426030305
0.0831515462032927,0.0947076328087002,0.0593195010307531,0.225486734659915,-0.5477107346360109,0.265984488389647
0.0866134280509959,0.0222256260266727,0.23179641738265,0.10470465734088599,-0.258870389060125,0.282963345670925
0.333101219629529,0.24184519766136603,-0.42328813356246203,0.48369296495943603,0.4703549146749771,-0.325045317770325
0.12126908878903099,0.25290637302547897,0.396272922859293,0.072281460861736,-0.010967623500264001,-0.20207912445570997
-0.17353028210736302,-0.22874890018962,0.0259800753532596,-0.219795886388795,-0.44563946555369705,0.387878080355817
-0.185351882642093,0.0045734631109561,0.6466912987495129,-0.306370597898323,0.31008238743862104,-0.638673540632263
-0.7205724776926892,-0.125093373401467,-0.178038469289032,-0.11214744459794801,0.31418521646276193,0.381794217799514
0.20423406915828698,0.185342120637778,0.3759365632796621,0.399418384190965,0.018084229138196,-0.0315987254544426
-0.12104095624898599,0.194588183401975,0.613265161701663,-0.0246927541615546,0.12975098677899302,0.5814117211681911
0.272897045439919,0.7721440231606421,-0.202504850817388,-0.319702471034563,-0.0433269042147943,0.556392684319974
0.19928445555565197,0.42260855251959495,-0.68684746383253,-0.173866913545303,0.0760687987858725,-0.18247583469002698
-0.173912068538769,-0.10535207048013599,0.011114335792493001,0.320398708729471,-0.6588265144802811,-0.139873648225197
0.0609006537718923,-0.299475583800089,-0.178464289992963,0.0124428717229553,0.0349635437153807,0.31723813132142203
-0.240827616165031,0.13641542736072199,0.0928604535078988,0.0321952385221678,0.102918884720796,-0.207860086860958
0.48882925556060797,0.408623974041911,-0.388242452197819,-0.19150697260857602,0.0975409762055505,0.138430970436249
0.0738112564689923,-0.273361401078685,-0.25811995652137,-0.403440281547989,0.14243145866884901,0.0195807354271256
0.0049101816010226,0.201549566635036,0.333770264244271,0.16863230861099404,0.5633981140197499,-0.133124716114463
-0.16149116486224402,0.32400490993894104,0.10464834787591301,-0.33596899502921806,-0.22812591533781898,-0.10344816805541301
-0.369813454734122,-1.5411267199602199,-0.440390903388679,0.27855523235195695,0.495593730425674,-0.18142589334358397
-0.0593838179550083,0.0202015435353717,-0.0987427194982945,0.14696164101864598,0.457258424362031,0.18882168864841503
-0.6089379203706939,-0.706233456956369,-0.4025873857783429,-0.110974525604447,0.11963632830752301,-0.18421385673062696
0.163099226839701,-0.22231045136219799,-0.21678025447490398,-0.0764857090080136,0.0399369055168692,-0.119225359614432
-0.28447903921169104,0.326360467834648,-0.0366838038904208,-0.268036974180073,-0.231638327938895,0.250279672311713
0.4155771990196429,0.6162892475650451,-0.7426150984312171,-0.0549709121052304,0.29668185170839095,0.15659580678711701
-0.0923356525431001,0.842413868972535,-0.3580576152735221,-0.131050251467175,-0.8689605162040459,-0.329237086226775
0.202904100870356,0.5865671550815761,-0.58236480331549,0.46617984108717503,-0.7192759751698391,0.067623114473606
0.33056249247298497,0.29042190984412103,-0.0120214178154441,-0.0946298167798825,-0.304434029052779,-0.0769087405218825
-0.350817102158894,0.521696962853008,0.11201217585580198,-0.452908401330689,0.17947622171346198,0.11889416206166699
0.25650951895326896,0.143639829161692,0.19017558797923104,0.38718094108079604,-0.324759084779835,0.118451626371129
0.24259145748075198,0.465848205995278,0.11171110421570599,0.0177722075774666,0.156749020347912,-0.298130732585993
-0.174972783752909,-0.21706203477855301,0.217105128381693,0.18832565524794,0.315494567254098,0.18225770229622898
0.008920399467730421,-0.0161423552465649,-0.0820913203565809,0.19183346800473802,-0.109729029750006,0.570688214030434
-0.38540535346503496,-0.499298815286142,0.124056152864859,0.646812923904095,-0.446443425374845,0.108682983664846
-0.042048707620933996,-0.10022122235593099,0.10412869589617099,-0.516521556130003,-0.343501590373017,-0.132261025130465
-0.33412385696457003,-0.7576407938834259,-0.176788970321865,-0.39709094896274105,-0.0412376453347841,-0.577666255223131
-0.270443261031847,-0.32421881594830604,-0.289751334035169,0.204630189550163,-0.24893415392202803,-0.5829676648064711
-0.30733368130460603,0.6727447379481619,0.167709893506722,-0.711431923048722,-0.131738376648389,0.10360372443632002
-0.531886142211697,-0.251706370209009,-0.0499837826681301,0.0268343239453738,0.19597772312074402,0.30733741784245694
-0.9095195098880521,-0.5541022137557571,0.173448043686748,-0.42313855736469996,-0.27311425251639104,-0.41557405698078903
0.0153190984940724,0.20546833684141502,-0.2296903510185,0.135295377293427,-0.35469509445309705,-0.0511515854535599
-0.0076024870977371,-0.463023702626002,0.432868306988994,0.11279575167952001,0.184848706817922,-0.0515987596887192
-0.35668627843977,-0.425482284079457,0.0878279020838486,0.205718107028023,0.47895565415381297,-0.29048785340891903
0.0290978566587257,-0.307522541005319,-0.147176047368513,-0.262155988369719,0.29824782748499495,0.09674771321625801
0.132937387172932,0.405037532305794,0.41702390877997497,-0.306031468828937,0.19705500105515197,0.20847545034137197
-0.414704713011873,-0.0128970216645379,0.0959925718399106,-0.258288637816615,0.117562128467666,0.12441371313683501
-0.358328185284274,-0.273803856812237,-0.0212138811891339,0.394829570986409,-0.045085604021361,-0.172260916845516
-0.144897258094855,0.826587762838285,0.156073153637413,-0.21265827447721,0.0508032276126449,-0.35543148317331397
-0.100209286381325,0.694615781974548,0.0574380042060924,-0.319649526026836,0.29762565704889005,-0.449049737355541
0.19772756451347198,0.199245922418743,0.248485170940869,0.494507878761985,0.0556666806388906,-0.1471480165616
-0.16730231627520098,0.8866653851565359,-0.17983315160959304,0.190840079826953,0.8604187005784641,-0.0784551623112857
0.40327512752684497,-0.0765764588350632,-0.129184245283285,0.0426957843499837,-0.291513018564973,-0.102891817925731
0.335742274771891,0.30358876196636103,0.151203024913633,0.32420311092718607,0.45931519087018197,0.628827118576691
-0.0820307104003329,0.394379886691806,-0.35278632151869604,-0.0745111136686055,-0.16185035387733,0.251537202912335
0.0382916333939296,0.28186031134017603,2.29113514107914,0.0891075438860121,0.264917769369615,0.29977012533084696
0.265617997475447,-0.20613140403669897,-0.221460782665139,-0.11212880974314801,0.23217590622509302,0.49682643476621097
0.231299906079506,-0.5642606264570639,-0.045733735079942994,0.662264694609999,0.0184810807276784,0.0795548037207844
0.7811929181106999,0.34731611111706706,-0.0250828829805279,0.39275170814828503,0.36693648600826795,0.3532830986648571
0.149021965632528,0.337684615019806,0.5120883500793,0.21002606482345398,0.345297836130771,0.37099305508006497
-0.00544760043958346,0.338488166463933,0.207655487579754,-0.0371538330895523,1.2747264116858201,0.277355578748762
0.269283761091147,0.35523337347707795,-0.286469677846088,1.30365025111979,0.733501208127745,0.0229443752835777
0.136284250248454,-0.36382212635213895,-0.270701088772878,0.17115749540218,0.33598120050144703,-0.0506130267621427
0.436080866881791,-0.0309483455967523,0.15779299387891402,0.0308252885979565,-0.268482835520802,0.7053737712259359
0.093714436148664,0.7067848152309449,-0.101871189593183,-0.0169613738525482,-0.294247073277478,-0.045550872115819
0.138553266877714,-0.113547865069009,-0.202011127939879,0.179679437174044,0.205254417903918,0.629490428626039
0.0370697386269872,0.274462051827156,0.750590940696812,0.820112348631068,0.146039055333397,-0.105384058439589
0.47181216904551904,0.43593817562569,0.24441683314292603,0.15984984341099698,0.188287850674961,-0.20507121443503498
0.14837235118578698,3.35814744991142,-0.169630491525903,-0.245416275609668,0.114625271112143,1.76847001726258
-0.590163399718345,0.11051317602671801,0.627708159992067,-0.298475211105023,0.0655032278772148,-0.132690182512976
0.691535555319831,0.0955645691752541,-0.166071393597555,-0.3306875111628211,-0.8562671622380009,0.30446260388905605
0.242266915678182,-0.129083864336335,2.46158807049757,-0.724719481602261,0.456982138959025,0.284471537920959
0.10737508696830099,-0.172280353036844,-0.148800610018991,0.33792842376423704,-0.213396353870673,0.075232034532362
0.20933090432672102,0.425195138950549,0.54204994113294,0.836789077380457,2.9001783603624904,-1.09176276994625
-0.12333992904221801,0.690031686601038,-0.363920884715499,0.5647136612144921,-0.22146791875855398,-0.7180360575431121
-0.18042094295385602,-0.00550579491745229,-0.678408200392683,1.01535696500812,-0.500575176491126,0.40031294822353297
0.211580977812078,0.35819488418966705,0.12620632770325502,0.11100628640970402,-0.0537457940455546,0.640855734230163
-0.114468350283916,-0.0665734063995769,0.419096061461531,0.370248442360065,-0.44043473092206203,0.0456016251932193
0.5257531282339749,0.16573088287506,2.217248036619,0.5597764503043829,0.10672823678458501,0.35962932913975604
-0.12019708569197601,-0.38324675002835495,2.75127204554314,-0.0662340049986728,-0.11475464424405803,0.19192267932862195
0.0652650464896848,0.7872605694379758,0.259793243368803,-0.372116075150979,-0.697185495453489,0.11350307857475599
-0.369692763571695,0.28114717731354305,-0.0367282068677798,-0.290977729451617,0.149995563894374,-0.700654761230821
-0.0646677894526542,0.11519406413927699,0.457329900045248,-0.635372883887783,0.17544800458520998,-0.322303405895043
3.02899330719162,-0.41176998389541203,-1.20960922798503,0.0728146004242402,0.139377577021442,-0.286674003878498
-0.860403275148669,1.78884476495234,-1.22325489684685,3.4262906898994903,0.292854278891377,-0.0684412211604452
1.05218437600192,2.6530726918853302,-1.0721658496089999,-0.21142703922400502,0.20837156230742399,2.3098611078445197
1.84021046602632,0.00112561098829181,0.5853536264207471,-0.39866835809481105,-0.271671182047924,0.20287355897732395
0.458834623388035,-0.625050619454704,-0.13113804596271197,-0.0988881554917958,-0.0616343227937199,-0.464934422152889
0.759581686305452,-0.127363747287769,4.11305862932102,1.0798106551539202,0.445565759006904,-0.0298350476135415
-0.20292333432625898,0.14628765330160198,3.23179094907915,0.0118497925154445,2.76689286070664,1.03831850495898
0.21375306225195498,-0.193038003625988,-0.505156808201785,2.11658260589668,2.49372101831895,0.479653025543845
0.40299723705682106,-0.589656815040753,0.30356293331333,2.7843308228007997,0.0376841841271402,-1.2099068844861
2.4296257496637796,0.00952383823627505,-0.583993458967067,0.490028995356116,0.183606248351507,0.278348695853633
3.13656255483108,-0.7001531262081391,-0.128638183848539,-0.0886651885847319,-0.760575498509742,2.3451575579069304
2.77756708675318,-0.235954468953745,-0.201444849810907,4.17597537825149,-0.0386907676414186,2.5961049336337
2.8126053227506,0.47246146368350395,0.135156194642186,4.0518024644293495,-0.371593056681443,0.0702021493477836
-0.9257558342221579,3.807885976419,-2.47097355006094,-0.0820014722210809,-0.152434858045154,-0.114386089426432
-0.62398879350895,0.222019230702754,0.32172768167167604,-0.47014887341883504,-0.33321894385929,-0.9757608208712522
-0.0560565655867791,-0.7206731455374709,-0.19743586461411897,0.39057793646007394,0.0479236824246254,-0.18603934464604602
-0.130071540863475,-0.848160369773506,3.5203221870623795,0.13108012439425598,-0.0216420785954032,4.59312642286132
0.0753116716279525,-1.45448155629686,2.70485000604168,2.87645706585729,3.2504619030079502,-0.0778303604032092
-0.6954827143635639,0.31109061498015,-0.46057957354810297,0.20641761198615302,3.12670919928021,-0.28198147371721505
-0.691083457554743,4.50568308878804,0.28455174823282103,2.83223088099495,3.1659352813549,-0.17549307632867098
0.6745381532416761,0.18666051426552602,-0.249330307399727,-0.378915436334735,3.53868825395779,-0.33287107993520004
-0.16475951198546598,-1.27184910316522,0.185936554253067,0.0989790356536438,3.31686049381086,-0.0905378196440512
0.0110207061936174,0.585223081228215,2.05596651557429,0.468182691403827,3.1349491852462203,2.7190247803404
0.42199284915339,2.53315942294439,-0.0110946125779437,-0.21143741724877801,-0.39726605443620705,2.45722722886365
-0.10694749514346101,2.60550489869641,-0.213450964875994,0.204550838184776,-0.14306017055564302,-0.0259033134256056
0.0404673698905256,2.9541082158251695,-0.259167896473477,0.5028942111750809,3.1792277206407302,0.0159528809253343
0.256818906756794,0.46827480790258297,-0.321193894250195,-0.0534863067206341,3.1659352813549,-0.7635064673769442
-0.235428497888893,-0.129372274245912,-0.610589755924853,0.22941762789708,3.2504619030079502,-0.340733012593639
0.148997682707344,-0.613056700067141,0.39550599102689504,-0.24440265734429104,3.53868825395779,-0.389952946294647
-0.22180200378331602,-0.28648124558244603,-0.0692745311183678,0.0272443862011711,-0.563628726666085,-0.41367203623135107
0.27620059399176,-0.36406305594000304,-0.0960076867443512,-0.491576334078588,-0.0751221817479786,-0.0846448937402867
-0.171509306824309,3.4529340659475602,-0.26005011316873106,-0.0152879027786139,0.32087913520254197,-0.6391086843559871
-0.32803001531262704,0.0952226069457954,0.3841286176663689,0.102904280144109,2.5660481753935898,0.27809593743246697
-0.1721216340921,-0.809489256384648,0.431216390270113,-0.20939023335487303,2.56745089337428,-0.347188140397903
0.216377605097785,0.13611121160216,0.0186499673042113,-0.588972199605633,3.47410217493414,0.0254353385489626
0.325267493505761,0.38271876128362,-0.0643172437388243,-0.134727900668546,-0.263533612853581,-0.248422474496739
1.61983407824198,0.5342741900560081,2.27904119597679,0.712679534161137,2.94643112219805,0.395722124816057
0.11579766397153901,-0.325270482410237,2.03924571164086,2.4794825771317797,-0.18232767515030604,0.129882196296315
0.0592513532768266,0.257578228678396,3.4866938800347205,2.51987054285425,3.80254842990923,1.57366337553696
-0.085954121798086,0.40733235374759,2.6030919687572798,2.2327945544140095,2.9078614397542597,0.157423903888814
0.310600592034266,-0.492578375888573,3.1457921935612405,2.2327945544140095,2.31871900754767,2.2980639682251405
0.142088766955004,-0.42429467468221205,3.0383207118509303,2.49970061723399,2.89859835491903,-0.575846015404982
0.29131751493680996,-0.18234464646168697,2.6512391492684904,0.317599237029008,0.617159647653111,-0.270792187557367
0.248486243586498,-0.48112440334216794,2.48033554945023,-0.159828223712944,0.21157478619953302,2.5561934943901097
-0.20746768629391196,0.183393111628888,2.30762088115557,3.4747392681082703,-0.41355954591857896,2.0932718141828
0.30112985936938697,0.5077338235912899,-0.0978885482265479,2.7514422373479404,0.0279742437927261,2.86612979164661
-0.30514900839614695,0.12059725024359699,-0.14863484834518398,2.7151821563597407,0.473161665357381,-0.329590171887351
2.4957516243071898,-0.10682449095207598,2.9589330842356003,2.71637088973447,0.124805222264384,0.0102957131545446
2.3059937277947005,-0.395642451130347,2.6030919687572798,1.4934421559259499,-0.113187901460595,-0.30251160733168897
2.3374317704082204,-0.0857743116324667,2.6512391492684904,0.324118419631901,0.0559783837292475,-0.17198816792296
2.80829079427907,0.655991064284631,2.76944038606269,2.6364591210339303,-0.0991553829583447,0.27492665041432
2.54317290891656,0.8880716437158058,0.332748956449739,2.4893449624641697,0.841457247356918,-0.283832114855836
0.15329899189607402,2.68001797925192,3.22260340799496,0.0466955232978958,0.486551039801493,2.7766154967723398
-0.296522707005766,-0.365155858873397,3.55001076410883,-0.397254326033279,-0.228586827587012,0.148456495680491
2.27448329710445,3.5172245833950297,0.32007200276875497,2.64589391817762,-0.657933297985207,2.6493350426697
3.3371927339756,2.25673526556414,-0.353435417110883,2.2362929524179704,-0.9010974044040709,3.1382829103522902
2.7269239626616297,2.5668747306283195,-0.32727619961596,-0.26455294527488,-0.176242295458078,0.41079772801014197
2.54317290891656,2.59838945996673,0.491355624215358,2.3034703636494602,-0.32828874266488106,-0.47802511253744495
0.3895111822309121,2.05166666479058,-0.134471959282042,2.38522497124281,-0.212879081070862,2.24715535329894
0.23557263927804298,-0.0506996722274347,-0.265204994970154,2.68712580469346,0.135557979632122,-0.301186647175861
2.41370604311798,0.00317082720110173,-0.6349113094087739,-0.20396509201139898,-0.410598509632152,2.0932718141828
2.85455800634852,2.80138268505,2.2453015825178197,0.13399402615835598,0.05821388755117,2.86612979164661
-0.0496413201202691,3.2022475097698098,0.0298937850430865,2.4079640432378797,0.6035884146064039,2.7179376349021
2.41801529492442,2.2833139243065803,0.20755537285308998,2.19986566666354,0.0112664637031193,-0.15185262871225902
3.00861554686141,2.4616654641907902,-0.179376137001223,2.8171032299903302,2.66028076372069,1.276947165276
3.48212493497926,2.3437894931207497,0.17087989150210903,-0.33994612370449795,3.12386513210751,0.323581697114706
2.55349680913123,2.83308129394194,0.18482890842991398,3.23612523155947,3.3342122298194394,-0.30298187185687103
2.1578450467260804,0.3936958106052829,-0.627163051460744,3.57850097407296,3.1901832781665402,-0.19398453677150898
2.6718193397672,1.9967346876503997,-0.27232679683219296,-0.11936136164981699,-0.863740276560016,-0.427868807234461
0.0836160116816718,2.81719893209936,0.48434381134751797,-0.154161653090846,-0.277393870225845,0.22311234686012196
-0.5847971577156059,2.78768189234112,0.0135143171417187,-0.115572689872892,-0.009851394774154141,2.01158811484047
0.109122085030775,0.668692476928275,-0.21740334148873802,2.34533482462099,-0.48653022997029705,0.18664213686080605
2.20410790821802,2.7055439279938196,0.634046491772507,-0.7596104297213081,0.0137712648777509,-0.22514430892475798
2.59205392355025,4.16709170172122,0.30288318238012396,-0.254315883264623,0.546264155061548,-0.33699511778249097
0.0865674027873161,0.103428413117074,0.7174505547570521,-0.0832517460162562,0.600686303764706,0.27503585906612893
0.10194404256392801,0.396191932587317,0.158219018385928,1.59110528741862,3.7151679214016005,0.23368239123814602
-0.035780143762827,-0.20558519041348602,0.0594114499501791,0.35100239379505,3.2034939873569703,0.0881832191945014
0.232274722032467,5.87591067062458,0.29549620990491604,0.263737940855185,0.0415699472991481,-0.233486138911332
0.4389094912874021,5.7473260457006,-0.18209969975082602,0.28904915745556203,0.0677093467101294,0.400601825791394
0.16438707638262803,2.10703702893152,0.257447118707811,1.11419184853611,3.2714468562515897,0.16954938975158698
0.11068394840690199,2.57129235751747,2.06560834448843,0.5276721215585639,3.5557666403997406,0.11069669336513902
0.62244018264192,2.77362852172535,2.57948890280061,-0.10032884828846698,3.02026781060309,2.4855647616709
0.0880863091625288,-0.499209763698284,2.9599031928556,0.365995930325238,-0.33882652391734397,2.53065032823271
0.10050946600496499,-0.0765385853578242,2.48181070137083,0.00353394841167527,-0.167594574491001,2.46301760309165
0.12160385833603399,-0.0845389481130901,-0.457575957817592,-0.757947292243578,3.5057132141266103,2.3742732559461803
-0.235288868903039,4.27230597186191,0.125213930187601,-0.371448118215281,2.97881517573619,2.05608986585165
0.26154113711639104,0.461469239800921,0.421223538059775,0.0293100820886367,3.74081547739998,2.2805377541930096
0.124073584407179,0.0313507954356345,0.0411042456904925,2.18793153663565,3.6268513664261497,2.63849377422873
0.77179481579732,0.516640234814204,-0.0302132222223046,0.22913157324007397,-0.58502006998234,2.6210240422326203
0.0416997634919525,-0.428485805360678,-0.0753632250567276,-0.17256957473235096,-0.771340695546903,-0.485573197613583
-0.245527120717232,0.0875726789989596,3.10395321852984,-0.0664066859418192,0.0793896240465765,-0.0517547562797391
-0.11840837604605998,-0.0416214693615771,3.8397720875649797,0.431065159142332,0.0174271327582698,0.0540000197373133
-0.0965472315520176,0.330160850944777,2.7827469187135296,0.8754120566886129,-0.04941749937946201,-0.620153338653322
0.289153673583772,-0.178223010568715,0.31372893638002197,2.8655731446908903,-0.312893345837413,-0.10317162090799901
-0.531578371401157,0.339139915543375,-0.00943276155526847,2.72625140283809,-0.295074487064684,0.325033820704725
-0.27328935973485396,1.08130928153293,2.52844009429044,3.1964351278358705,-0.0221257190431363,4.5662150328681
0.0170304596190459,0.140513990527035,2.65777979989137,2.24549301713894,0.185659802484897,-0.07063968286254699
-0.07267533062279401,0.330190220247711,-0.170128430557512,2.18667819043145,0.550164138078969,3.2776698571491703
-0.254480333330168,0.231544356838721,0.037651631794812006,0.39748165006974295,0.31195454720222904,0.15065639819163598
0.10921634146380801,0.229231510412128,0.0942086787059891,-0.286941893292076,0.426292284658874,-0.24406888584186398
-0.4593438837804171,0.11078505719354902,3.83954031275723,-0.36735102386916707,-0.47216618118633397,2.39153486750835
-0.194115471338512,0.531247841320279,-1.02422887176458,2.1920646261114403,-0.7684183250445891,2.77609759958334
3.6337365901232004,1.01189814215049,-0.7993713719579731,3.37364564337453,-0.366423091458961,2.6988874109944905
3.13656255483108,-1.3001320783297,0.0859800185441318,0.151721862519118,-0.37892014752982,-0.174472267785489
2.94275079768452,-0.255320998329873,-0.247069989373415,-0.10899515286510301,0.5233720066202551,-1.04089690204135
2.34583249358518,-0.312323077021275,-0.4239382180442029,0.7327922886955028,0.0190260482458398,-0.141864053978985
-0.566621933468996,1.85781561439242,-0.216696525844471,-0.37141239021933203,-0.063712787630524,0.323141493783579
2.42813063193519,0.9146770962527759,-0.0713782843752252,-0.5920908267781569,-0.205212455688478,0.326805687696351
0.5320094528042291,0.414189160507693,-0.340943954723401,-0.11659908893582001,-0.552416672718083,-0.634709874287788
0.31210361154865,0.49886412968768107,-0.335309569233523,-0.33077337514197996,-0.192784099832591,-0.111852115976575
0.49998954561872205,4.85254669313161,0.38243912570812605,-0.178689139625054,-0.456434423492906,0.28992838909154
-0.21680842910360298,3.0310868041173498,-0.6436345007270389,-0.145490171941349,0.0700176648294864,0.332115634572079
0.223693046840262,0.45006529140350393,0.570570455949437,-0.0342828964730347,-0.7475047202573221,0.20436348055534803
0.0415799869042509,3.9514803509352796,-0.7696445125054409,0.233545470448726,-0.6504189805365239,-0.24715915604685698
-0.0825237851207929,0.15384107594386498,-0.472238614486152,-0.34230478267383097,-0.004443510532755121,0.115384202151788
0.237977045723885,1.9879696209356699,-0.11616550914120899,0.0928958457182242,0.0873274418531603,-0.9576447374562441
-0.17698948096480605,-0.308565204207766,0.42223270122608103,-0.321431942507203,-0.955906235823053,0.23533792668278303
0.7709685344506121,-0.323917250005721,0.29682766501395397,0.32210812043012393,0.0431366166368828,-0.811024625404303
0.0566092263153248,0.8030917475682801,-0.165498131106715,0.17900419612610396,-0.35986359485573205,-0.8267284463776009
-0.5732777613918729,0.0674572075757323,-0.0619694618744519,-0.173575882592679,-0.82620299350558,-1.0313930297920602
-0.36420640260754295,0.23256738859030301,0.0113299478793509,0.307147031271803,0.256971406360951,-0.14466214821196602
-0.390068381427653,0.9395453211382471,-0.39380245370125505,-0.825983824065976,0.526890012823004,-0.46882960158995
-0.0378877635812288,0.32718360303024796,0.205557100805138,0.475654131155089,-0.4203776539973039,0.319662267302614
-0.301017156079971,-0.7084688907700941,-0.32693032270109995,-1.0098763007143,0.34228006826036,-0.16659360749254598
0.870986294854259,-0.8203212353538071,-0.0982321166996037,-0.580731486305523,-0.32998565248008194,0.0337023280391337
-0.9443609218486569,-0.0650160593940337,-0.8729913934435691,-0.50523752994877,-0.8017219246465541,-0.49968917766750104
-0.447231153797776,0.165547031645677,0.0384090603392111,-0.502600066764556,0.0975803646588939,-0.781533377603706
0.0964918723505718,0.28923572758105104,-0.9613426348586149,-0.38437844307799707,0.30554812692976396,0.0916614142310828
-0.131577852899615,0.499622595020563,-1.31235314615288,0.0916698551047245,-0.0964912829536459,-0.330734187257661
0.30880692543634103,0.0614253511847614,-0.0984121629852374,0.0767310772127589,0.00637029223433185,0.0291756524182909
0.210878863444231,0.6199484880692391,-0.92814615893804,0.133689797596311,0.373801767949887,-0.31698200186422604
-0.584663521900186,-0.523939750172237,0.0389628697012016,-0.25228639097147604,0.177226624372637,-0.545057866987978
0.535571483083493,-0.0801437290384299,-0.0786701856723612,-0.0725789203085754,0.39646302979872705,-0.934093769793487
-0.17070776295221501,-0.22233160369417998,-0.21819219506283302,-0.37154764546554103,0.249567643162513,-0.498187869143029
0.163598958413276,-0.5307804706982561,0.17838417873399398,-0.228543773597654,-1.12824368351377,-0.641488281843939
-0.0389206081516484,0.762984035837051,0.234936438991662,-0.0234618628415402,-0.995118372703016,1.33294322293634
-0.671411972965443,-0.407136863117759,-0.164917819979271,0.0660493667429113,0.172626238349889,0.453145604795816
-0.42409202104619204,-0.0819105766216157,-0.0349710828480958,0.0231849301820447,-0.188053739216541,-0.0856425230563635
-0.5088467235589,0.7244620411082421,0.494300009101155,0.268238055716552,-0.415467081189935,-0.19180038739600402
0.11161874001871801,0.0411520056235306,-0.0781951450049551,0.0565441361640787,-0.704920479343126,0.0259043106029174
-0.25059855231325695,-0.771539805356822,-0.24868420052454396,-0.600246666706449,-0.217523109489459,-0.13779343712762804
-0.0700657570379437,0.474799495487101,0.25209238861487304,0.353425761846853,0.502760360304712,-0.748655273506435
0.7022000914668299,0.137520173532883,0.144690895663909,-0.0850215256719255,0.0275025635558392,0.929138389891638
0.0265893229399036,-0.0407177370292704,0.512004669878651,-0.14202997805759898,0.171324367873074,-1.71911517531828
0.211198220922576,0.369972733546859,0.14417540369100398,-0.179043461938904,0.0752944911275087,-0.195025444737442
0.272019300927183,0.144109061236089,-0.330930808723968,0.0166429260992843,-0.822730725616803,-0.17067931599665803
0.36740387281044296,-0.4905168217482921,0.37955771675285205,-0.284807153068952,-0.25249529639116197,-0.9874386024754891
0.159896499343961,-0.0853236894379603,-0.6092920165648521,-0.0294828546531048,0.19928806832247303,-0.0952605879774051
-0.116206523805569,0.509738565599944,-0.486966739728613,-0.095585456291455,-0.7494642463292621,-0.117426379449294
0.3311674690793269,0.00866184419104105,-0.394783448420222,0.394943666317433,0.423677641846892,-0.235401700773018
0.168046820323013,-0.800896233856124,-0.181982874334038,-0.3618680103813521,0.22811628506281,-0.0107277561269446
-0.20174608364154503,-0.5309766039161521,-0.178679664805131,-0.29132288039307397,-0.0941304836828353,0.486192342160267
-0.254184185781245,0.39198735676631896,1.3365668537508302,0.0176878675990336,0.00265410775474176,-0.0319263810458287
-0.141234842157047,0.9210463206899642,0.0835497974281023,0.143268061698737,,
